Title,Media URL,Destination Link,Description,Pinterest board
"North side of Maui, Hawaii - Winter 2025  - 35mm Film Photography",https://sjkonfilm.work/assets/images/color/full/000057420015.webp,https://sjkonfilm.work/pages/color.html,"North side of Maui, Hawaii - Winter 2025  - 35mm Film Photography. Shot on analog 35mm / 120 film by Sawyer Knox in Portland, Oregon. Instagram: @sawyer.j.knox | Portfolio & prints: https://sjkonfilm.work",Color Film Photography
"Amarillo, Texas - Summer 2024 - 35mm Film Photography",https://sjkonfilm.work/assets/images/color/full/3DDEC44C-DD7E-43EC-ABDB-E6C5A45956D7.webp,https://sjkonfilm.work/pages/color.html,"Amarillo, Texas - Summer 2024 - 35mm Film Photography. Shot on analog 35mm / 120 film by Sawyer Knox in Portland, Oregon. Instagram: @sawyer.j.knox | Portfolio & prints: https://sjkonfilm.work",Color Film Photography
Somewhere in Utah - Summer 2024 - 35mm Film Photography,https://sjkonfilm.work/assets/images/color/full/426029F6-4B94-4C9D-BBB5-419367B043D3.webp,https://sjkonfilm.work/pages/color.html,"Somewhere in Utah - Summer 2024 - 35mm Film Photography. Shot on analog 35mm / 120 film by Sawyer Knox in Portland, Oregon. Instagram: @sawyer.j.knox | Portfolio & prints: https://sjkonfilm.work",Color Film Photography
"Clatskanie, Oregon - Summer 2023 - 35mm Film Photography",https://sjkonfilm.work/assets/images/color/full/IMG_0716.webp,https://sjkonfilm.work/pages/color.html,"Clatskanie, Oregon - Summer 2023 - 35mm Film Photography. Shot on analog 35mm / 120 film by Sawyer Knox in Portland, Oregon. Instagram: @sawyer.j.knox | Portfolio & prints: https://sjkonfilm.work",Color Film Photography
"Clatskanie, Oregon - Summer 2023 - 35mm Film Photography #2",https://sjkonfilm.work/assets/images/color/full/IMG_0745.webp,https://sjkonfilm.work/pages/color.html,"Clatskanie, Oregon - Summer 2023 - 35mm Film Photography #2. Shot on analog 35mm / 120 film by Sawyer Knox in Portland, Oregon. Instagram: @sawyer.j.knox | Portfolio & prints: https://sjkonfilm.work",Color Film Photography
"Jaipur, India - Spring 2023 - 35mm Film Photography",https://sjkonfilm.work/assets/images/color/full/IMG_0784.webp,https://sjkonfilm.work/pages/color.html,"Jaipur, India - Spring 2023 - 35mm Film Photography. Shot on analog 35mm / 120 film by Sawyer Knox in Portland, Oregon. Instagram: @sawyer.j.knox | Portfolio & prints: https://sjkonfilm.work",Color Film Photography
"Jaipur, India - Spring 2023 - 35mm Film Photography #2",https://sjkonfilm.work/assets/images/color/full/IMG_0802.webp,https://sjkonfilm.work/pages/color.html,"Jaipur, India - Spring 2023 - 35mm Film Photography #2. Shot on analog 35mm / 120 film by Sawyer Knox in Portland, Oregon. Instagram: @sawyer.j.knox | Portfolio & prints: https://sjkonfilm.work",Color Film Photography
"Jaipur, India - Spring 2023 - 35mm Film Photography #3",https://sjkonfilm.work/assets/images/color/full/IMG_0849.webp,https://sjkonfilm.work/pages/color.html,"Jaipur, India - Spring 2023 - 35mm Film Photography #3. Shot on analog 35mm / 120 film by Sawyer Knox in Portland, Oregon. Instagram: @sawyer.j.knox | Portfolio & prints: https://sjkonfilm.work",Color Film Photography
"Agra, India - Spring 2023 - 35mm Film Photography",https://sjkonfilm.work/assets/images/color/full/IMG_0851.webp,https://sjkonfilm.work/pages/color.html,"Agra, India - Spring 2023 - 35mm Film Photography. Shot on analog 35mm / 120 film by Sawyer Knox in Portland, Oregon. Instagram: @sawyer.j.knox | Portfolio & prints: https://sjkonfilm.work",Color Film Photography
"Chicago, Illinois - Summer 2023 - 35mm Film Photography",https://sjkonfilm.work/assets/images/color/full/IMG_0922.webp,https://sjkonfilm.work/pages/color.html,"Chicago, Illinois - Summer 2023 - 35mm Film Photography. Shot on analog 35mm / 120 film by Sawyer Knox in Portland, Oregon. Instagram: @sawyer.j.knox | Portfolio & prints: https://sjkonfilm.work",Color Film Photography
"Chicago, Illinois - Summer 2023 - 35mm Film Photography #2",https://sjkonfilm.work/assets/images/color/full/IMG_0928.webp,https://sjkonfilm.work/pages/color.html,"Chicago, Illinois - Summer 2023 - 35mm Film Photography #2. Shot on analog 35mm / 120 film by Sawyer Knox in Portland, Oregon. Instagram: @sawyer.j.knox | Portfolio & prints: https://sjkonfilm.work",Color Film Photography
"Mt. Rainier National Park, Washington - Summer 2021 - 35mm Film Photography",https://sjkonfilm.work/assets/images/color/full/IMG_1941.webp,https://sjkonfilm.work/pages/color.html,"Mt. Rainier National Park, Washington - Summer 2021 - 35mm Film Photography. Shot on analog 35mm / 120 film by Sawyer Knox in Portland, Oregon. Instagram: @sawyer.j.knox | Portfolio & prints: https://sjkonfilm.work",Color Film Photography
"Seaside, Oregon - Autumn 2023 - 35mm Film Photography",https://sjkonfilm.work/assets/images/color/full/IMG_1945.webp,https://sjkonfilm.work/pages/color.html,"Seaside, Oregon - Autumn 2023 - 35mm Film Photography. Shot on analog 35mm / 120 film by Sawyer Knox in Portland, Oregon. Instagram: @sawyer.j.knox | Portfolio & prints: https://sjkonfilm.work",Color Film Photography
"Seattle, Washington - Summer 2021 - 35mm Film Photography",https://sjkonfilm.work/assets/images/color/full/IMG_1953.webp,https://sjkonfilm.work/pages/color.html,"Seattle, Washington - Summer 2021 - 35mm Film Photography. Shot on analog 35mm / 120 film by Sawyer Knox in Portland, Oregon. Instagram: @sawyer.j.knox | Portfolio & prints: https://sjkonfilm.work",Color Film Photography
"Seaside, Oregon - Autumn 2023 - 35mm Film Photography #2",https://sjkonfilm.work/assets/images/color/full/IMG_2244.webp,https://sjkonfilm.work/pages/color.html,"Seaside, Oregon - Autumn 2023 - 35mm Film Photography #2. Shot on analog 35mm / 120 film by Sawyer Knox in Portland, Oregon. Instagram: @sawyer.j.knox | Portfolio & prints: https://sjkonfilm.work",Color Film Photography
"Portland, Oregon - Summer 2025 - 35mm Film Photography",https://sjkonfilm.work/assets/images/color/full/IMG_2251.webp,https://sjkonfilm.work/pages/color.html,"Portland, Oregon - Summer 2025 - 35mm Film Photography. Shot on analog 35mm / 120 film by Sawyer Knox in Portland, Oregon. Instagram: @sawyer.j.knox | Portfolio & prints: https://sjkonfilm.work",Color Film Photography
"Boxley Valley, Arkansas - Autumn 2023 - 35mm Film Photography",https://sjkonfilm.work/assets/images/color/full/IMG_2252.webp,https://sjkonfilm.work/pages/color.html,"Boxley Valley, Arkansas - Autumn 2023 - 35mm Film Photography. Shot on analog 35mm / 120 film by Sawyer Knox in Portland, Oregon. Instagram: @sawyer.j.knox | Portfolio & prints: https://sjkonfilm.work",Color Film Photography
"China Town, San Francisco, California - Summer 2021 - 35mm Film Photography",https://sjkonfilm.work/assets/images/color/full/IMG_2363.webp,https://sjkonfilm.work/pages/color.html,"China Town, San Francisco, California - Summer 2021 - 35mm Film Photography. Shot on analog 35mm / 120 film by Sawyer Knox in Portland, Oregon. Instagram: @sawyer.j.knox | Portfolio & prints: https://sjkonfilm.work",Color Film Photography
"Portland, Maine - Spring - 2022 - 35mm Film Photography",https://sjkonfilm.work/assets/images/color/full/IMG_4135.webp,https://sjkonfilm.work/pages/color.html,"Portland, Maine - Spring - 2022 - 35mm Film Photography. Shot on analog 35mm / 120 film by Sawyer Knox in Portland, Oregon. Instagram: @sawyer.j.knox | Portfolio & prints: https://sjkonfilm.work",Color Film Photography
"Rio de Janeiro, Brazil - Summer 2024 - 35mm Film Photography",https://sjkonfilm.work/assets/images/color/full/IMG_5762.webp,https://sjkonfilm.work/pages/color.html,"Rio de Janeiro, Brazil - Summer 2024 - 35mm Film Photography. Shot on analog 35mm / 120 film by Sawyer Knox in Portland, Oregon. Instagram: @sawyer.j.knox | Portfolio & prints: https://sjkonfilm.work",Color Film Photography
"Cusco, Peru - Summer 2024 - 35mm Film Photography",https://sjkonfilm.work/assets/images/color/full/IMG_5774.webp,https://sjkonfilm.work/pages/color.html,"Cusco, Peru - Summer 2024 - 35mm Film Photography. Shot on analog 35mm / 120 film by Sawyer Knox in Portland, Oregon. Instagram: @sawyer.j.knox | Portfolio & prints: https://sjkonfilm.work",Color Film Photography
"Machu Picchu, Peru - Summer 2024 - 35mm Film Photography",https://sjkonfilm.work/assets/images/color/full/IMG_5805.webp,https://sjkonfilm.work/pages/color.html,"Machu Picchu, Peru - Summer 2024 - 35mm Film Photography. Shot on analog 35mm / 120 film by Sawyer Knox in Portland, Oregon. Instagram: @sawyer.j.knox | Portfolio & prints: https://sjkonfilm.work",Color Film Photography
"Machu Picchu, Peru - Summer 2024 - 35mm Film Photography #2",https://sjkonfilm.work/assets/images/color/full/IMG_5822.webp,https://sjkonfilm.work/pages/color.html,"Machu Picchu, Peru - Summer 2024 - 35mm Film Photography #2. Shot on analog 35mm / 120 film by Sawyer Knox in Portland, Oregon. Instagram: @sawyer.j.knox | Portfolio & prints: https://sjkonfilm.work",Color Film Photography
"Medellin, Colombia - Summer 2024 - 35mm Film Photography",https://sjkonfilm.work/assets/images/color/full/IMG_5951.webp,https://sjkonfilm.work/pages/color.html,"Medellin, Colombia - Summer 2024 - 35mm Film Photography. Shot on analog 35mm / 120 film by Sawyer Knox in Portland, Oregon. Instagram: @sawyer.j.knox | Portfolio & prints: https://sjkonfilm.work",Color Film Photography
Peru - Summer 2024 - 35mm Film Photography,https://sjkonfilm.work/assets/images/color/full/IMG_6050.webp,https://sjkonfilm.work/pages/color.html,"Peru - Summer 2024 - 35mm Film Photography. Shot on analog 35mm / 120 film by Sawyer Knox in Portland, Oregon. Instagram: @sawyer.j.knox | Portfolio & prints: https://sjkonfilm.work",Color Film Photography
Peru - Summer 2024 - 35mm Film Photography #2,https://sjkonfilm.work/assets/images/color/full/IMG_6055.webp,https://sjkonfilm.work/pages/color.html,"Peru - Summer 2024 - 35mm Film Photography #2. Shot on analog 35mm / 120 film by Sawyer Knox in Portland, Oregon. Instagram: @sawyer.j.knox | Portfolio & prints: https://sjkonfilm.work",Color Film Photography
"Medellin, Colombia - Summer 2024 - 35mm Film Photography #2",https://sjkonfilm.work/assets/images/color/full/IMG_6068.webp,https://sjkonfilm.work/pages/color.html,"Medellin, Colombia - Summer 2024 - 35mm Film Photography #2. Shot on analog 35mm / 120 film by Sawyer Knox in Portland, Oregon. Instagram: @sawyer.j.knox | Portfolio & prints: https://sjkonfilm.work",Color Film Photography
"Bologna, Italy - Spring 2023 - 35mm Film Photography",https://sjkonfilm.work/assets/images/color/full/IMG_7836.webp,https://sjkonfilm.work/pages/color.html,"Bologna, Italy - Spring 2023 - 35mm Film Photography. Shot on analog 35mm / 120 film by Sawyer Knox in Portland, Oregon. Instagram: @sawyer.j.knox | Portfolio & prints: https://sjkonfilm.work",Color Film Photography
"Venice, Italy - Winter 2023 - 35mm Film Photography",https://sjkonfilm.work/assets/images/color/full/IMG_7847.webp,https://sjkonfilm.work/pages/color.html,"Venice, Italy - Winter 2023 - 35mm Film Photography. Shot on analog 35mm / 120 film by Sawyer Knox in Portland, Oregon. Instagram: @sawyer.j.knox | Portfolio & prints: https://sjkonfilm.work",Color Film Photography
"London, England - Spring 2023 - 35mm Film Photography",https://sjkonfilm.work/assets/images/color/full/IMG_8035.webp,https://sjkonfilm.work/pages/color.html,"London, England - Spring 2023 - 35mm Film Photography. Shot on analog 35mm / 120 film by Sawyer Knox in Portland, Oregon. Instagram: @sawyer.j.knox | Portfolio & prints: https://sjkonfilm.work",Color Film Photography
"Salzburg, Austria - Spring 2023 - 35mm Film Photography",https://sjkonfilm.work/assets/images/color/full/IMG_8064.webp,https://sjkonfilm.work/pages/color.html,"Salzburg, Austria - Spring 2023 - 35mm Film Photography. Shot on analog 35mm / 120 film by Sawyer Knox in Portland, Oregon. Instagram: @sawyer.j.knox | Portfolio & prints: https://sjkonfilm.work",Color Film Photography
"Venice, Italy - Spring 2023 - 35mm Film Photography",https://sjkonfilm.work/assets/images/color/full/IMG_8297.webp,https://sjkonfilm.work/pages/color.html,"Venice, Italy - Spring 2023 - 35mm Film Photography. Shot on analog 35mm / 120 film by Sawyer Knox in Portland, Oregon. Instagram: @sawyer.j.knox | Portfolio & prints: https://sjkonfilm.work",Color Film Photography
"Bassano del Grappa, Italy - Winter 2023 - 35mm Film Photography",https://sjkonfilm.work/assets/images/color/full/IMG_8147.webp,https://sjkonfilm.work/pages/color.html,"Bassano del Grappa, Italy - Winter 2023 - 35mm Film Photography. Shot on analog 35mm / 120 film by Sawyer Knox in Portland, Oregon. Instagram: @sawyer.j.knox | Portfolio & prints: https://sjkonfilm.work",Color Film Photography
"Bend, Oregon - Spring 2026 - 35mm Film Photography",https://sjkonfilm.work/assets/images/scenes/full/000000090004.webp,https://sjkonfilm.work/pages/scenes.html,"Bend, Oregon - Spring 2026 - 35mm Film Photography. Shot on analog 35mm / 120 film by Sawyer Knox in Portland, Oregon. Instagram: @sawyer.j.knox | Portfolio & prints: https://sjkonfilm.work",Analog Landscapes & Scenes
"Maui, Hawaii - Winter 2025 - 35mm Film Photography",https://sjkonfilm.work/assets/images/scenes/full/000017070025.webp,https://sjkonfilm.work/pages/scenes.html,"Maui, Hawaii - Winter 2025 - 35mm Film Photography. Shot on analog 35mm / 120 film by Sawyer Knox in Portland, Oregon. Instagram: @sawyer.j.knox | Portfolio & prints: https://sjkonfilm.work",Analog Landscapes & Scenes
"Maui, Hawaii - Winter 2025 - 35mm Film Photography #2",https://sjkonfilm.work/assets/images/scenes/full/000017210019.webp,https://sjkonfilm.work/pages/scenes.html,"Maui, Hawaii - Winter 2025 - 35mm Film Photography #2. Shot on analog 35mm / 120 film by Sawyer Knox in Portland, Oregon. Instagram: @sawyer.j.knox | Portfolio & prints: https://sjkonfilm.work",Analog Landscapes & Scenes
"Cantebury, England - Autumn 2024 - 35mm Film Photography",https://sjkonfilm.work/assets/images/scenes/full/000094770008.webp,https://sjkonfilm.work/pages/scenes.html,"Cantebury, England - Autumn 2024 - 35mm Film Photography. Shot on analog 35mm / 120 film by Sawyer Knox in Portland, Oregon. Instagram: @sawyer.j.knox | Portfolio & prints: https://sjkonfilm.work",Analog Landscapes & Scenes
"Canon Beach, Oregon - Autumn 2024 - 35mm Film Photography",https://sjkonfilm.work/assets/images/scenes/full/000094820015.webp,https://sjkonfilm.work/pages/scenes.html,"Canon Beach, Oregon - Autumn 2024 - 35mm Film Photography. Shot on analog 35mm / 120 film by Sawyer Knox in Portland, Oregon. Instagram: @sawyer.j.knox | Portfolio & prints: https://sjkonfilm.work",Analog Landscapes & Scenes
"Canon Beach, Oregon - Autumn 2024 - 35mm Film Photography #2",https://sjkonfilm.work/assets/images/scenes/full/000094820019.webp,https://sjkonfilm.work/pages/scenes.html,"Canon Beach, Oregon - Autumn 2024 - 35mm Film Photography #2. Shot on analog 35mm / 120 film by Sawyer Knox in Portland, Oregon. Instagram: @sawyer.j.knox | Portfolio & prints: https://sjkonfilm.work",Analog Landscapes & Scenes
"Florence, Italy - Spring 2025 - 35mm Film Photography",https://sjkonfilm.work/assets/images/scenes/full/IMG_0481.webp,https://sjkonfilm.work/pages/scenes.html,"Florence, Italy - Spring 2025 - 35mm Film Photography. Shot on analog 35mm / 120 film by Sawyer Knox in Portland, Oregon. Instagram: @sawyer.j.knox | Portfolio & prints: https://sjkonfilm.work",Analog Landscapes & Scenes
"Florence, Italy - Spring 2025 - 35mm Film Photography #2",https://sjkonfilm.work/assets/images/scenes/full/IMG_0498.webp,https://sjkonfilm.work/pages/scenes.html,"Florence, Italy - Spring 2025 - 35mm Film Photography #2. Shot on analog 35mm / 120 film by Sawyer Knox in Portland, Oregon. Instagram: @sawyer.j.knox | Portfolio & prints: https://sjkonfilm.work",Analog Landscapes & Scenes
"Florence, Italy - Spring 2025 - 35mm Film Photography #3",https://sjkonfilm.work/assets/images/scenes/full/IMG_0538.webp,https://sjkonfilm.work/pages/scenes.html,"Florence, Italy - Spring 2025 - 35mm Film Photography #3. Shot on analog 35mm / 120 film by Sawyer Knox in Portland, Oregon. Instagram: @sawyer.j.knox | Portfolio & prints: https://sjkonfilm.work",Analog Landscapes & Scenes
"Florence, Italy - Spring 2025 - 35mm Film Photography #4",https://sjkonfilm.work/assets/images/scenes/full/IMG_0558.webp,https://sjkonfilm.work/pages/scenes.html,"Florence, Italy - Spring 2025 - 35mm Film Photography #4. Shot on analog 35mm / 120 film by Sawyer Knox in Portland, Oregon. Instagram: @sawyer.j.knox | Portfolio & prints: https://sjkonfilm.work",Analog Landscapes & Scenes
"Florence, Italy - Spring 2025 - 35mm Film Photography #5",https://sjkonfilm.work/assets/images/scenes/full/IMG_0638.webp,https://sjkonfilm.work/pages/scenes.html,"Florence, Italy - Spring 2025 - 35mm Film Photography #5. Shot on analog 35mm / 120 film by Sawyer Knox in Portland, Oregon. Instagram: @sawyer.j.knox | Portfolio & prints: https://sjkonfilm.work",Analog Landscapes & Scenes
"Victoria, BC - Summer 2025 - 35mm Film Photography",https://sjkonfilm.work/assets/images/scenes/full/IMG_1184.webp,https://sjkonfilm.work/pages/scenes.html,"Victoria, BC - Summer 2025 - 35mm Film Photography. Shot on analog 35mm / 120 film by Sawyer Knox in Portland, Oregon. Instagram: @sawyer.j.knox | Portfolio & prints: https://sjkonfilm.work",Analog Landscapes & Scenes
"Portland, Oregon - Summer 2025 - 35mm Film Photography #2",https://sjkonfilm.work/assets/images/scenes/full/IMG_2240.webp,https://sjkonfilm.work/pages/scenes.html,"Portland, Oregon - Summer 2025 - 35mm Film Photography #2. Shot on analog 35mm / 120 film by Sawyer Knox in Portland, Oregon. Instagram: @sawyer.j.knox | Portfolio & prints: https://sjkonfilm.work",Analog Landscapes & Scenes
Northwest Montana - Summer 2025 - 35mm Film Photography,https://sjkonfilm.work/assets/images/scenes/full/IMG_3397.webp,https://sjkonfilm.work/pages/scenes.html,"Northwest Montana - Summer 2025 - 35mm Film Photography. Shot on analog 35mm / 120 film by Sawyer Knox in Portland, Oregon. Instagram: @sawyer.j.knox | Portfolio & prints: https://sjkonfilm.work",Analog Landscapes & Scenes
Northwest Montana - Summer 2025 - 35mm Film Photography #2,https://sjkonfilm.work/assets/images/scenes/full/IMG_3406.webp,https://sjkonfilm.work/pages/scenes.html,"Northwest Montana - Summer 2025 - 35mm Film Photography #2. Shot on analog 35mm / 120 film by Sawyer Knox in Portland, Oregon. Instagram: @sawyer.j.knox | Portfolio & prints: https://sjkonfilm.work",Analog Landscapes & Scenes
Northwest Montana - Summer 2025 - 35mm Film Photography #3,https://sjkonfilm.work/assets/images/scenes/full/IMG_3411.webp,https://sjkonfilm.work/pages/scenes.html,"Northwest Montana - Summer 2025 - 35mm Film Photography #3. Shot on analog 35mm / 120 film by Sawyer Knox in Portland, Oregon. Instagram: @sawyer.j.knox | Portfolio & prints: https://sjkonfilm.work",Analog Landscapes & Scenes
Northwest Montana - Summer 2025 - 35mm Film Photography #4,https://sjkonfilm.work/assets/images/scenes/full/IMG_3417.webp,https://sjkonfilm.work/pages/scenes.html,"Northwest Montana - Summer 2025 - 35mm Film Photography #4. Shot on analog 35mm / 120 film by Sawyer Knox in Portland, Oregon. Instagram: @sawyer.j.knox | Portfolio & prints: https://sjkonfilm.work",Analog Landscapes & Scenes
Northwest Montana - Summer 2025 - 35mm Film Photography #5,https://sjkonfilm.work/assets/images/scenes/full/IMG_3420.webp,https://sjkonfilm.work/pages/scenes.html,"Northwest Montana - Summer 2025 - 35mm Film Photography #5. Shot on analog 35mm / 120 film by Sawyer Knox in Portland, Oregon. Instagram: @sawyer.j.knox | Portfolio & prints: https://sjkonfilm.work",Analog Landscapes & Scenes
Northwest Montana - Summer 2025 - 35mm Film Photography #6,https://sjkonfilm.work/assets/images/scenes/full/IMG_3428.webp,https://sjkonfilm.work/pages/scenes.html,"Northwest Montana - Summer 2025 - 35mm Film Photography #6. Shot on analog 35mm / 120 film by Sawyer Knox in Portland, Oregon. Instagram: @sawyer.j.knox | Portfolio & prints: https://sjkonfilm.work",Analog Landscapes & Scenes
Northwest Montana - Summer 2025 - 35mm Film Photography #7,https://sjkonfilm.work/assets/images/scenes/full/IMG_3430.webp,https://sjkonfilm.work/pages/scenes.html,"Northwest Montana - Summer 2025 - 35mm Film Photography #7. Shot on analog 35mm / 120 film by Sawyer Knox in Portland, Oregon. Instagram: @sawyer.j.knox | Portfolio & prints: https://sjkonfilm.work",Analog Landscapes & Scenes
Northwest Montana - Summer 2025 - 35mm Film Photography #8,https://sjkonfilm.work/assets/images/scenes/full/IMG_3440.webp,https://sjkonfilm.work/pages/scenes.html,"Northwest Montana - Summer 2025 - 35mm Film Photography #8. Shot on analog 35mm / 120 film by Sawyer Knox in Portland, Oregon. Instagram: @sawyer.j.knox | Portfolio & prints: https://sjkonfilm.work",Analog Landscapes & Scenes
Northwest Montana - Summer 2025 - 35mm Film Photography #9,https://sjkonfilm.work/assets/images/scenes/full/IMG_3445.webp,https://sjkonfilm.work/pages/scenes.html,"Northwest Montana - Summer 2025 - 35mm Film Photography #9. Shot on analog 35mm / 120 film by Sawyer Knox in Portland, Oregon. Instagram: @sawyer.j.knox | Portfolio & prints: https://sjkonfilm.work",Analog Landscapes & Scenes
Northwest Montana - Summer 2025 - 35mm Film Photography #10,https://sjkonfilm.work/assets/images/scenes/full/IMG_3447.webp,https://sjkonfilm.work/pages/scenes.html,"Northwest Montana - Summer 2025 - 35mm Film Photography #10. Shot on analog 35mm / 120 film by Sawyer Knox in Portland, Oregon. Instagram: @sawyer.j.knox | Portfolio & prints: https://sjkonfilm.work",Analog Landscapes & Scenes
Northwest Montana - Summer 2025 - 35mm Film Photography #11,https://sjkonfilm.work/assets/images/scenes/full/IMG_3452.webp,https://sjkonfilm.work/pages/scenes.html,"Northwest Montana - Summer 2025 - 35mm Film Photography #11. Shot on analog 35mm / 120 film by Sawyer Knox in Portland, Oregon. Instagram: @sawyer.j.knox | Portfolio & prints: https://sjkonfilm.work",Analog Landscapes & Scenes
Northwest Montana - Summer 2025 - 35mm Film Photography #12,https://sjkonfilm.work/assets/images/scenes/full/IMG_3454.webp,https://sjkonfilm.work/pages/scenes.html,"Northwest Montana - Summer 2025 - 35mm Film Photography #12. Shot on analog 35mm / 120 film by Sawyer Knox in Portland, Oregon. Instagram: @sawyer.j.knox | Portfolio & prints: https://sjkonfilm.work",Analog Landscapes & Scenes
Northwest Montana - Summer 2025 - 35mm Film Photography #13,https://sjkonfilm.work/assets/images/scenes/full/IMG_3455.webp,https://sjkonfilm.work/pages/scenes.html,"Northwest Montana - Summer 2025 - 35mm Film Photography #13. Shot on analog 35mm / 120 film by Sawyer Knox in Portland, Oregon. Instagram: @sawyer.j.knox | Portfolio & prints: https://sjkonfilm.work",Analog Landscapes & Scenes
Northwest Montana - Summer 2025 - 35mm Film Photography #14,https://sjkonfilm.work/assets/images/scenes/full/IMG_3461 Copy.webp,https://sjkonfilm.work/pages/scenes.html,"Northwest Montana - Summer 2025 - 35mm Film Photography #14. Shot on analog 35mm / 120 film by Sawyer Knox in Portland, Oregon. Instagram: @sawyer.j.knox | Portfolio & prints: https://sjkonfilm.work",Analog Landscapes & Scenes
Northwest Montana - Summer 2025 - 35mm Film Photography #15,https://sjkonfilm.work/assets/images/scenes/full/IMG_3472.webp,https://sjkonfilm.work/pages/scenes.html,"Northwest Montana - Summer 2025 - 35mm Film Photography #15. Shot on analog 35mm / 120 film by Sawyer Knox in Portland, Oregon. Instagram: @sawyer.j.knox | Portfolio & prints: https://sjkonfilm.work",Analog Landscapes & Scenes
Northwest Montana - Summer 2025 - 35mm Film Photography #16,https://sjkonfilm.work/assets/images/scenes/full/IMG_3474.webp,https://sjkonfilm.work/pages/scenes.html,"Northwest Montana - Summer 2025 - 35mm Film Photography #16. Shot on analog 35mm / 120 film by Sawyer Knox in Portland, Oregon. Instagram: @sawyer.j.knox | Portfolio & prints: https://sjkonfilm.work",Analog Landscapes & Scenes
Northwest Montana - Summer 2025 - 35mm Film Photography #17,https://sjkonfilm.work/assets/images/scenes/full/IMG_3484.webp,https://sjkonfilm.work/pages/scenes.html,"Northwest Montana - Summer 2025 - 35mm Film Photography #17. Shot on analog 35mm / 120 film by Sawyer Knox in Portland, Oregon. Instagram: @sawyer.j.knox | Portfolio & prints: https://sjkonfilm.work",Analog Landscapes & Scenes
Northwest Montana - Summer 2025 - 35mm Film Photography #18,https://sjkonfilm.work/assets/images/scenes/full/IMG_3498.webp,https://sjkonfilm.work/pages/scenes.html,"Northwest Montana - Summer 2025 - 35mm Film Photography #18. Shot on analog 35mm / 120 film by Sawyer Knox in Portland, Oregon. Instagram: @sawyer.j.knox | Portfolio & prints: https://sjkonfilm.work",Analog Landscapes & Scenes
"Portland, Oregon - Summer 2025 - 35mm Film Photography #3",https://sjkonfilm.work/assets/images/scenes/full/IMG_3506.webp,https://sjkonfilm.work/pages/scenes.html,"Portland, Oregon - Summer 2025 - 35mm Film Photography #3. Shot on analog 35mm / 120 film by Sawyer Knox in Portland, Oregon. Instagram: @sawyer.j.knox | Portfolio & prints: https://sjkonfilm.work",Analog Landscapes & Scenes
"Portland, Oregon - Summer 2025 - 35mm Film Photography #4",https://sjkonfilm.work/assets/images/scenes/full/IMG_3525.webp,https://sjkonfilm.work/pages/scenes.html,"Portland, Oregon - Summer 2025 - 35mm Film Photography #4. Shot on analog 35mm / 120 film by Sawyer Knox in Portland, Oregon. Instagram: @sawyer.j.knox | Portfolio & prints: https://sjkonfilm.work",Analog Landscapes & Scenes
"Portland, Oregon - Summer 2025 - 35mm Film Photography #5",https://sjkonfilm.work/assets/images/scenes/full/IMG_3528.webp,https://sjkonfilm.work/pages/scenes.html,"Portland, Oregon - Summer 2025 - 35mm Film Photography #5. Shot on analog 35mm / 120 film by Sawyer Knox in Portland, Oregon. Instagram: @sawyer.j.knox | Portfolio & prints: https://sjkonfilm.work",Analog Landscapes & Scenes
"Crater Lake, Oregon - Summer 2025 - 35mm Film Photography",https://sjkonfilm.work/assets/images/scenes/full/IMG_3545.webp,https://sjkonfilm.work/pages/scenes.html,"Crater Lake, Oregon - Summer 2025 - 35mm Film Photography. Shot on analog 35mm / 120 film by Sawyer Knox in Portland, Oregon. Instagram: @sawyer.j.knox | Portfolio & prints: https://sjkonfilm.work",Analog Landscapes & Scenes
"Portland, Oregon - Summer 2025Scene photo 35 - 35mm Film Photography",https://sjkonfilm.work/assets/images/scenes/full/IMG_3547.webp,https://sjkonfilm.work/pages/scenes.html,"Portland, Oregon - Summer 2025Scene photo 35 - 35mm Film Photography. Shot on analog 35mm / 120 film by Sawyer Knox in Portland, Oregon. Instagram: @sawyer.j.knox | Portfolio & prints: https://sjkonfilm.work",Analog Landscapes & Scenes
"Portland, Oregon - Summer 2025 - 35mm Film Photography #6",https://sjkonfilm.work/assets/images/scenes/full/IMG_3569.webp,https://sjkonfilm.work/pages/scenes.html,"Portland, Oregon - Summer 2025 - 35mm Film Photography #6. Shot on analog 35mm / 120 film by Sawyer Knox in Portland, Oregon. Instagram: @sawyer.j.knox | Portfolio & prints: https://sjkonfilm.work",Analog Landscapes & Scenes
"Glacier National Park, Montana - Summer 2025 - 35mm Film Photography",https://sjkonfilm.work/assets/images/scenes/full/IMG_3588.webp,https://sjkonfilm.work/pages/scenes.html,"Glacier National Park, Montana - Summer 2025 - 35mm Film Photography. Shot on analog 35mm / 120 film by Sawyer Knox in Portland, Oregon. Instagram: @sawyer.j.knox | Portfolio & prints: https://sjkonfilm.work",Analog Landscapes & Scenes
Northwest Montana - Summer 2025 - 35mm Film Photography #19,https://sjkonfilm.work/assets/images/scenes/full/IMG_3595.webp,https://sjkonfilm.work/pages/scenes.html,"Northwest Montana - Summer 2025 - 35mm Film Photography #19. Shot on analog 35mm / 120 film by Sawyer Knox in Portland, Oregon. Instagram: @sawyer.j.knox | Portfolio & prints: https://sjkonfilm.work",Analog Landscapes & Scenes
"Seaside, Oregon - Winter 2024 - 35mm Film Photography",https://sjkonfilm.work/assets/images/scenes/full/IMG_8634.webp,https://sjkonfilm.work/pages/scenes.html,"Seaside, Oregon - Winter 2024 - 35mm Film Photography. Shot on analog 35mm / 120 film by Sawyer Knox in Portland, Oregon. Instagram: @sawyer.j.knox | Portfolio & prints: https://sjkonfilm.work",Analog Landscapes & Scenes
"Portland, Oregon - Summer 2025 - 35mm Film Photography #7",https://sjkonfilm.work/assets/images/scenes/full/IMG_3949.webp,https://sjkonfilm.work/pages/scenes.html,"Portland, Oregon - Summer 2025 - 35mm Film Photography #7. Shot on analog 35mm / 120 film by Sawyer Knox in Portland, Oregon. Instagram: @sawyer.j.knox | Portfolio & prints: https://sjkonfilm.work",Analog Landscapes & Scenes
"Portland, Oregon - Summer 2025 - 35mm Film Photography #8",https://sjkonfilm.work/assets/images/scenes/full/IMG_3980.webp,https://sjkonfilm.work/pages/scenes.html,"Portland, Oregon - Summer 2025 - 35mm Film Photography #8. Shot on analog 35mm / 120 film by Sawyer Knox in Portland, Oregon. Instagram: @sawyer.j.knox | Portfolio & prints: https://sjkonfilm.work",Analog Landscapes & Scenes
"Fayetteville, Arkansas - Autumn 2025 - 35mm Film Photography",https://sjkonfilm.work/assets/images/scenes/full/IMG_3991.webp,https://sjkonfilm.work/pages/scenes.html,"Fayetteville, Arkansas - Autumn 2025 - 35mm Film Photography. Shot on analog 35mm / 120 film by Sawyer Knox in Portland, Oregon. Instagram: @sawyer.j.knox | Portfolio & prints: https://sjkonfilm.work",Analog Landscapes & Scenes
"Kyoto, Japan - Autumn 2025 - 35mm Film Photography",https://sjkonfilm.work/assets/images/scenes/full/IMG_4499.webp,https://sjkonfilm.work/pages/scenes.html,"Kyoto, Japan - Autumn 2025 - 35mm Film Photography. Shot on analog 35mm / 120 film by Sawyer Knox in Portland, Oregon. Instagram: @sawyer.j.knox | Portfolio & prints: https://sjkonfilm.work",Analog Landscapes & Scenes
"Nikko, Japan - Autumn 2025 - 35mm Film Photography",https://sjkonfilm.work/assets/images/scenes/full/IMG_4584.webp,https://sjkonfilm.work/pages/scenes.html,"Nikko, Japan - Autumn 2025 - 35mm Film Photography. Shot on analog 35mm / 120 film by Sawyer Knox in Portland, Oregon. Instagram: @sawyer.j.knox | Portfolio & prints: https://sjkonfilm.work",Analog Landscapes & Scenes
"Kamakura, Japan - Autumn 2025 - 35mm Film Photography",https://sjkonfilm.work/assets/images/scenes/full/IMG_4637.webp,https://sjkonfilm.work/pages/scenes.html,"Kamakura, Japan - Autumn 2025 - 35mm Film Photography. Shot on analog 35mm / 120 film by Sawyer Knox in Portland, Oregon. Instagram: @sawyer.j.knox | Portfolio & prints: https://sjkonfilm.work",Analog Landscapes & Scenes
"Tokyo, Japan - Autumn 2025 - 35mm Film Photography",https://sjkonfilm.work/assets/images/scenes/full/IMG_4716.webp,https://sjkonfilm.work/pages/scenes.html,"Tokyo, Japan - Autumn 2025 - 35mm Film Photography. Shot on analog 35mm / 120 film by Sawyer Knox in Portland, Oregon. Instagram: @sawyer.j.knox | Portfolio & prints: https://sjkonfilm.work",Analog Landscapes & Scenes
"Tokyo, Japan - Autumn 2025 - 35mm Film Photography #2",https://sjkonfilm.work/assets/images/scenes/full/IMG_4717.webp,https://sjkonfilm.work/pages/scenes.html,"Tokyo, Japan - Autumn 2025 - 35mm Film Photography #2. Shot on analog 35mm / 120 film by Sawyer Knox in Portland, Oregon. Instagram: @sawyer.j.knox | Portfolio & prints: https://sjkonfilm.work",Analog Landscapes & Scenes
"Osaka, Japan - Autumn 2025 - 35mm Film Photography",https://sjkonfilm.work/assets/images/scenes/full/IMG_4755.webp,https://sjkonfilm.work/pages/scenes.html,"Osaka, Japan - Autumn 2025 - 35mm Film Photography. Shot on analog 35mm / 120 film by Sawyer Knox in Portland, Oregon. Instagram: @sawyer.j.knox | Portfolio & prints: https://sjkonfilm.work",Analog Landscapes & Scenes
"Kawagoe, Japan - Autumn 2025 - 35mm Film Photography",https://sjkonfilm.work/assets/images/scenes/full/IMG_4806.webp,https://sjkonfilm.work/pages/scenes.html,"Kawagoe, Japan - Autumn 2025 - 35mm Film Photography. Shot on analog 35mm / 120 film by Sawyer Knox in Portland, Oregon. Instagram: @sawyer.j.knox | Portfolio & prints: https://sjkonfilm.work",Analog Landscapes & Scenes
"Tokyo, Japan - Autumn 2025 - 35mm Film Photography #3",https://sjkonfilm.work/assets/images/scenes/full/IMG_4812.webp,https://sjkonfilm.work/pages/scenes.html,"Tokyo, Japan - Autumn 2025 - 35mm Film Photography #3. Shot on analog 35mm / 120 film by Sawyer Knox in Portland, Oregon. Instagram: @sawyer.j.knox | Portfolio & prints: https://sjkonfilm.work",Analog Landscapes & Scenes
"Salzburg, Austria - Spring 2023 - 35mm Film Photography #2",https://sjkonfilm.work/assets/images/scenes/full/IMG_8242.webp,https://sjkonfilm.work/pages/scenes.html,"Salzburg, Austria - Spring 2023 - 35mm Film Photography #2. Shot on analog 35mm / 120 film by Sawyer Knox in Portland, Oregon. Instagram: @sawyer.j.knox | Portfolio & prints: https://sjkonfilm.work",Analog Landscapes & Scenes
Cuba - Summer 2026 - 35mm Film Photography,https://sjkonfilm.work/assets/images/scenes/full/000000010005.webp,https://sjkonfilm.work/pages/scenes.html,"Cuba - Summer 2026 - 35mm Film Photography. Shot on analog 35mm / 120 film by Sawyer Knox in Portland, Oregon. Instagram: @sawyer.j.knox | Portfolio & prints: https://sjkonfilm.work",Analog Landscapes & Scenes
Cuba - Summer 2026 - 35mm Film Photography #2,https://sjkonfilm.work/assets/images/scenes/full/000000010007.webp,https://sjkonfilm.work/pages/scenes.html,"Cuba - Summer 2026 - 35mm Film Photography #2. Shot on analog 35mm / 120 film by Sawyer Knox in Portland, Oregon. Instagram: @sawyer.j.knox | Portfolio & prints: https://sjkonfilm.work",Analog Landscapes & Scenes
Cuba - Summer 2026 - 35mm Film Photography #3,https://sjkonfilm.work/assets/images/scenes/full/000000020009.webp,https://sjkonfilm.work/pages/scenes.html,"Cuba - Summer 2026 - 35mm Film Photography #3. Shot on analog 35mm / 120 film by Sawyer Knox in Portland, Oregon. Instagram: @sawyer.j.knox | Portfolio & prints: https://sjkonfilm.work",Analog Landscapes & Scenes
Cuba - Summer 2026 - 35mm Film Photography #4,https://sjkonfilm.work/assets/images/scenes/full/000000030004.webp,https://sjkonfilm.work/pages/scenes.html,"Cuba - Summer 2026 - 35mm Film Photography #4. Shot on analog 35mm / 120 film by Sawyer Knox in Portland, Oregon. Instagram: @sawyer.j.knox | Portfolio & prints: https://sjkonfilm.work",Analog Landscapes & Scenes
Cuba - Summer 2026 - 35mm Film Photography #5,https://sjkonfilm.work/assets/images/scenes/full/000000040030.webp,https://sjkonfilm.work/pages/scenes.html,"Cuba - Summer 2026 - 35mm Film Photography #5. Shot on analog 35mm / 120 film by Sawyer Knox in Portland, Oregon. Instagram: @sawyer.j.knox | Portfolio & prints: https://sjkonfilm.work",Analog Landscapes & Scenes
Cuba - Summer 2026 - 35mm Film Photography #6,https://sjkonfilm.work/assets/images/scenes/full/000000040034.webp,https://sjkonfilm.work/pages/scenes.html,"Cuba - Summer 2026 - 35mm Film Photography #6. Shot on analog 35mm / 120 film by Sawyer Knox in Portland, Oregon. Instagram: @sawyer.j.knox | Portfolio & prints: https://sjkonfilm.work",Analog Landscapes & Scenes
Cuba - Summer 2026 - 35mm Film Photography #7,https://sjkonfilm.work/assets/images/scenes/full/000000050002.webp,https://sjkonfilm.work/pages/scenes.html,"Cuba - Summer 2026 - 35mm Film Photography #7. Shot on analog 35mm / 120 film by Sawyer Knox in Portland, Oregon. Instagram: @sawyer.j.knox | Portfolio & prints: https://sjkonfilm.work",Analog Landscapes & Scenes
Cuba - Summer 2026 - 35mm Film Photography #8,https://sjkonfilm.work/assets/images/scenes/full/000000050004.webp,https://sjkonfilm.work/pages/scenes.html,"Cuba - Summer 2026 - 35mm Film Photography #8. Shot on analog 35mm / 120 film by Sawyer Knox in Portland, Oregon. Instagram: @sawyer.j.knox | Portfolio & prints: https://sjkonfilm.work",Analog Landscapes & Scenes
Cuba - Summer 2026 - 35mm Film Photography #9,https://sjkonfilm.work/assets/images/scenes/full/000000050022.webp,https://sjkonfilm.work/pages/scenes.html,"Cuba - Summer 2026 - 35mm Film Photography #9. Shot on analog 35mm / 120 film by Sawyer Knox in Portland, Oregon. Instagram: @sawyer.j.knox | Portfolio & prints: https://sjkonfilm.work",Analog Landscapes & Scenes
Cuba - Summer 2026 - 35mm Film Photography #10,https://sjkonfilm.work/assets/images/scenes/full/000000050026.webp,https://sjkonfilm.work/pages/scenes.html,"Cuba - Summer 2026 - 35mm Film Photography #10. Shot on analog 35mm / 120 film by Sawyer Knox in Portland, Oregon. Instagram: @sawyer.j.knox | Portfolio & prints: https://sjkonfilm.work",Analog Landscapes & Scenes
Cuba - Summer 2026 - 35mm Film Photography #11,https://sjkonfilm.work/assets/images/scenes/full/000000050027.webp,https://sjkonfilm.work/pages/scenes.html,"Cuba - Summer 2026 - 35mm Film Photography #11. Shot on analog 35mm / 120 film by Sawyer Knox in Portland, Oregon. Instagram: @sawyer.j.knox | Portfolio & prints: https://sjkonfilm.work",Analog Landscapes & Scenes
Cuba - Summer 2026 - 35mm Film Photography #12,https://sjkonfilm.work/assets/images/scenes/full/000000050036.webp,https://sjkonfilm.work/pages/scenes.html,"Cuba - Summer 2026 - 35mm Film Photography #12. Shot on analog 35mm / 120 film by Sawyer Knox in Portland, Oregon. Instagram: @sawyer.j.knox | Portfolio & prints: https://sjkonfilm.work",Analog Landscapes & Scenes
Cuba - Summer 2026 - 35mm Film Photography #13,https://sjkonfilm.work/assets/images/scenes/full/000000060005.webp,https://sjkonfilm.work/pages/scenes.html,"Cuba - Summer 2026 - 35mm Film Photography #13. Shot on analog 35mm / 120 film by Sawyer Knox in Portland, Oregon. Instagram: @sawyer.j.knox | Portfolio & prints: https://sjkonfilm.work",Analog Landscapes & Scenes
Cuba - Summer 2026 - 35mm Film Photography #14,https://sjkonfilm.work/assets/images/scenes/full/000000070011.webp,https://sjkonfilm.work/pages/scenes.html,"Cuba - Summer 2026 - 35mm Film Photography #14. Shot on analog 35mm / 120 film by Sawyer Knox in Portland, Oregon. Instagram: @sawyer.j.knox | Portfolio & prints: https://sjkonfilm.work",Analog Landscapes & Scenes
Cuba - Summer 2026 - 35mm Film Photography #15,https://sjkonfilm.work/assets/images/scenes/full/000000070017.webp,https://sjkonfilm.work/pages/scenes.html,"Cuba - Summer 2026 - 35mm Film Photography #15. Shot on analog 35mm / 120 film by Sawyer Knox in Portland, Oregon. Instagram: @sawyer.j.knox | Portfolio & prints: https://sjkonfilm.work",Analog Landscapes & Scenes
Cuba - Summer 2026 - 35mm Film Photography #16,https://sjkonfilm.work/assets/images/scenes/full/000000080020.webp,https://sjkonfilm.work/pages/scenes.html,"Cuba - Summer 2026 - 35mm Film Photography #16. Shot on analog 35mm / 120 film by Sawyer Knox in Portland, Oregon. Instagram: @sawyer.j.knox | Portfolio & prints: https://sjkonfilm.work",Analog Landscapes & Scenes
"Bend, Oregon - Spring 2026 - 35mm Film Photography #2",https://sjkonfilm.work/assets/images/scenes/full/000000090007.webp,https://sjkonfilm.work/pages/scenes.html,"Bend, Oregon - Spring 2026 - 35mm Film Photography #2. Shot on analog 35mm / 120 film by Sawyer Knox in Portland, Oregon. Instagram: @sawyer.j.knox | Portfolio & prints: https://sjkonfilm.work",Analog Landscapes & Scenes
Cuba - Summer 2026 - 35mm Film Photography #17,https://sjkonfilm.work/assets/images/scenes/full/000000090023.webp,https://sjkonfilm.work/pages/scenes.html,"Cuba - Summer 2026 - 35mm Film Photography #17. Shot on analog 35mm / 120 film by Sawyer Knox in Portland, Oregon. Instagram: @sawyer.j.knox | Portfolio & prints: https://sjkonfilm.work",Analog Landscapes & Scenes
Cuba - Summer 2026 - 35mm Film Photography #18,https://sjkonfilm.work/assets/images/scenes/full/000000090026.webp,https://sjkonfilm.work/pages/scenes.html,"Cuba - Summer 2026 - 35mm Film Photography #18. Shot on analog 35mm / 120 film by Sawyer Knox in Portland, Oregon. Instagram: @sawyer.j.knox | Portfolio & prints: https://sjkonfilm.work",Analog Landscapes & Scenes
Cuba - Summer 2026 - 35mm Film Photography #19,https://sjkonfilm.work/assets/images/scenes/full/000000090031.webp,https://sjkonfilm.work/pages/scenes.html,"Cuba - Summer 2026 - 35mm Film Photography #19. Shot on analog 35mm / 120 film by Sawyer Knox in Portland, Oregon. Instagram: @sawyer.j.knox | Portfolio & prints: https://sjkonfilm.work",Analog Landscapes & Scenes
Cuba - Summer 2026 - 35mm Film Photography #20,https://sjkonfilm.work/assets/images/scenes/full/000000090033.webp,https://sjkonfilm.work/pages/scenes.html,"Cuba - Summer 2026 - 35mm Film Photography #20. Shot on analog 35mm / 120 film by Sawyer Knox in Portland, Oregon. Instagram: @sawyer.j.knox | Portfolio & prints: https://sjkonfilm.work",Analog Landscapes & Scenes
New York City - Spring 2026 - 35mm Film Photography,https://sjkonfilm.work/assets/images/scenes/full/000011130024.webp,https://sjkonfilm.work/pages/scenes.html,"New York City - Spring 2026 - 35mm Film Photography. Shot on analog 35mm / 120 film by Sawyer Knox in Portland, Oregon. Instagram: @sawyer.j.knox | Portfolio & prints: https://sjkonfilm.work",Analog Landscapes & Scenes
New York City - Spring 2026 - 35mm Film Photography #2,https://sjkonfilm.work/assets/images/scenes/full/000011130029.webp,https://sjkonfilm.work/pages/scenes.html,"New York City - Spring 2026 - 35mm Film Photography #2. Shot on analog 35mm / 120 film by Sawyer Knox in Portland, Oregon. Instagram: @sawyer.j.knox | Portfolio & prints: https://sjkonfilm.work",Analog Landscapes & Scenes
New York City - Spring 2026 - 35mm Film Photography #3,https://sjkonfilm.work/assets/images/scenes/full/000011130031.webp,https://sjkonfilm.work/pages/scenes.html,"New York City - Spring 2026 - 35mm Film Photography #3. Shot on analog 35mm / 120 film by Sawyer Knox in Portland, Oregon. Instagram: @sawyer.j.knox | Portfolio & prints: https://sjkonfilm.work",Analog Landscapes & Scenes
New York City - Spring 2026 - 35mm Film Photography #4,https://sjkonfilm.work/assets/images/scenes/full/000011140009.webp,https://sjkonfilm.work/pages/scenes.html,"New York City - Spring 2026 - 35mm Film Photography #4. Shot on analog 35mm / 120 film by Sawyer Knox in Portland, Oregon. Instagram: @sawyer.j.knox | Portfolio & prints: https://sjkonfilm.work",Analog Landscapes & Scenes
"Seattle, Washington - Winter 2026 - 35mm Film Photography",https://sjkonfilm.work/assets/images/scenes/full/IMG_5806.webp,https://sjkonfilm.work/pages/scenes.html,"Seattle, Washington - Winter 2026 - 35mm Film Photography. Shot on analog 35mm / 120 film by Sawyer Knox in Portland, Oregon. Instagram: @sawyer.j.knox | Portfolio & prints: https://sjkonfilm.work",Analog Landscapes & Scenes
New York City - Spring 2026 - 35mm Film Photography #5,https://sjkonfilm.work/assets/images/scenes/full/IMG_6363.webp,https://sjkonfilm.work/pages/scenes.html,"New York City - Spring 2026 - 35mm Film Photography #5. Shot on analog 35mm / 120 film by Sawyer Knox in Portland, Oregon. Instagram: @sawyer.j.knox | Portfolio & prints: https://sjkonfilm.work",Analog Landscapes & Scenes
New York City - Spring 2026 - 35mm Film Photography #6,https://sjkonfilm.work/assets/images/scenes/full/IMG_6368.webp,https://sjkonfilm.work/pages/scenes.html,"New York City - Spring 2026 - 35mm Film Photography #6. Shot on analog 35mm / 120 film by Sawyer Knox in Portland, Oregon. Instagram: @sawyer.j.knox | Portfolio & prints: https://sjkonfilm.work",Analog Landscapes & Scenes
New York City - Spring 2026 - 35mm Film Photography #7,https://sjkonfilm.work/assets/images/scenes/full/IMG_6383.webp,https://sjkonfilm.work/pages/scenes.html,"New York City - Spring 2026 - 35mm Film Photography #7. Shot on analog 35mm / 120 film by Sawyer Knox in Portland, Oregon. Instagram: @sawyer.j.knox | Portfolio & prints: https://sjkonfilm.work",Analog Landscapes & Scenes
New York City - Spring 2026 - 35mm Film Photography #8,https://sjkonfilm.work/assets/images/scenes/full/IMG_6395.webp,https://sjkonfilm.work/pages/scenes.html,"New York City - Spring 2026 - 35mm Film Photography #8. Shot on analog 35mm / 120 film by Sawyer Knox in Portland, Oregon. Instagram: @sawyer.j.knox | Portfolio & prints: https://sjkonfilm.work",Analog Landscapes & Scenes
New York City - Spring 2026 - 35mm Film Photography #9,https://sjkonfilm.work/assets/images/scenes/full/IMG_6442.webp,https://sjkonfilm.work/pages/scenes.html,"New York City - Spring 2026 - 35mm Film Photography #9. Shot on analog 35mm / 120 film by Sawyer Knox in Portland, Oregon. Instagram: @sawyer.j.knox | Portfolio & prints: https://sjkonfilm.work",Analog Landscapes & Scenes
New York City - Spring 2026 - 35mm Film Photography #10,https://sjkonfilm.work/assets/images/scenes/full/IMG_6459.webp,https://sjkonfilm.work/pages/scenes.html,"New York City - Spring 2026 - 35mm Film Photography #10. Shot on analog 35mm / 120 film by Sawyer Knox in Portland, Oregon. Instagram: @sawyer.j.knox | Portfolio & prints: https://sjkonfilm.work",Analog Landscapes & Scenes
New York City - Spring 2026 - 35mm Film Photography #11,https://sjkonfilm.work/assets/images/scenes/full/IMG_6495.webp,https://sjkonfilm.work/pages/scenes.html,"New York City - Spring 2026 - 35mm Film Photography #11. Shot on analog 35mm / 120 film by Sawyer Knox in Portland, Oregon. Instagram: @sawyer.j.knox | Portfolio & prints: https://sjkonfilm.work",Analog Landscapes & Scenes
"Maui, Hawaii - Winter 2025 - 35mm Film Photography #3",https://sjkonfilm.work/assets/images/street/full/000017060001.webp,https://sjkonfilm.work/pages/street.html,"Maui, Hawaii - Winter 2025 - 35mm Film Photography #3. Shot on analog 35mm / 120 film by Sawyer Knox in Portland, Oregon. Instagram: @sawyer.j.knox | Portfolio & prints: https://sjkonfilm.work",35mm Street Photography
"Maui, Hawaii - Winter 2025 - 35mm Film Photography #4",https://sjkonfilm.work/assets/images/street/full/000017070023.webp,https://sjkonfilm.work/pages/street.html,"Maui, Hawaii - Winter 2025 - 35mm Film Photography #4. Shot on analog 35mm / 120 film by Sawyer Knox in Portland, Oregon. Instagram: @sawyer.j.knox | Portfolio & prints: https://sjkonfilm.work",35mm Street Photography
"Maui, Hawaii - Winter 2025 - 35mm Film Photography #5",https://sjkonfilm.work/assets/images/street/full/000017210009.webp,https://sjkonfilm.work/pages/street.html,"Maui, Hawaii - Winter 2025 - 35mm Film Photography #5. Shot on analog 35mm / 120 film by Sawyer Knox in Portland, Oregon. Instagram: @sawyer.j.knox | Portfolio & prints: https://sjkonfilm.work",35mm Street Photography
"Brighton, England - Autumn 2024 - 35mm Film Photography",https://sjkonfilm.work/assets/images/street/full/000094770022.webp,https://sjkonfilm.work/pages/street.html,"Brighton, England - Autumn 2024 - 35mm Film Photography. Shot on analog 35mm / 120 film by Sawyer Knox in Portland, Oregon. Instagram: @sawyer.j.knox | Portfolio & prints: https://sjkonfilm.work",35mm Street Photography
"London, England - Autumn 2024 - 35mm Film Photography",https://sjkonfilm.work/assets/images/street/full/000094770035.webp,https://sjkonfilm.work/pages/street.html,"London, England - Autumn 2024 - 35mm Film Photography. Shot on analog 35mm / 120 film by Sawyer Knox in Portland, Oregon. Instagram: @sawyer.j.knox | Portfolio & prints: https://sjkonfilm.work",35mm Street Photography
"London, England - Autumn 2024 - 35mm Film Photography #2",https://sjkonfilm.work/assets/images/street/full/000094820004.webp,https://sjkonfilm.work/pages/street.html,"London, England - Autumn 2024 - 35mm Film Photography #2. Shot on analog 35mm / 120 film by Sawyer Knox in Portland, Oregon. Instagram: @sawyer.j.knox | Portfolio & prints: https://sjkonfilm.work",35mm Street Photography
"Canon Beach, Oregon - Autumn 2024 - 35mm Film Photography #3",https://sjkonfilm.work/assets/images/street/full/000094820013.webp,https://sjkonfilm.work/pages/street.html,"Canon Beach, Oregon - Autumn 2024 - 35mm Film Photography #3. Shot on analog 35mm / 120 film by Sawyer Knox in Portland, Oregon. Instagram: @sawyer.j.knox | Portfolio & prints: https://sjkonfilm.work",35mm Street Photography
New York City - Late Summer 2024 - 35mm Film Photography,https://sjkonfilm.work/assets/images/street/full/000094820034.webp,https://sjkonfilm.work/pages/street.html,"New York City - Late Summer 2024 - 35mm Film Photography. Shot on analog 35mm / 120 film by Sawyer Knox in Portland, Oregon. Instagram: @sawyer.j.knox | Portfolio & prints: https://sjkonfilm.work",35mm Street Photography
"Florence, Italy - Spring 2025 - 35mm Film Photography #6",https://sjkonfilm.work/assets/images/street/full/IMG_0457.webp,https://sjkonfilm.work/pages/street.html,"Florence, Italy - Spring 2025 - 35mm Film Photography #6. Shot on analog 35mm / 120 film by Sawyer Knox in Portland, Oregon. Instagram: @sawyer.j.knox | Portfolio & prints: https://sjkonfilm.work",35mm Street Photography
"Florence, Italy - Spring 2025 - 35mm Film Photography #7",https://sjkonfilm.work/assets/images/street/full/IMG_0463.webp,https://sjkonfilm.work/pages/street.html,"Florence, Italy - Spring 2025 - 35mm Film Photography #7. Shot on analog 35mm / 120 film by Sawyer Knox in Portland, Oregon. Instagram: @sawyer.j.knox | Portfolio & prints: https://sjkonfilm.work",35mm Street Photography
"Florence, Italy - Spring 2025 - 35mm Film Photography #8",https://sjkonfilm.work/assets/images/street/full/IMG_0491.webp,https://sjkonfilm.work/pages/street.html,"Florence, Italy - Spring 2025 - 35mm Film Photography #8. Shot on analog 35mm / 120 film by Sawyer Knox in Portland, Oregon. Instagram: @sawyer.j.knox | Portfolio & prints: https://sjkonfilm.work",35mm Street Photography
"London, England - Spring 2025 - 35mm Film Photography",https://sjkonfilm.work/assets/images/street/full/IMG_0501.webp,https://sjkonfilm.work/pages/street.html,"London, England - Spring 2025 - 35mm Film Photography. Shot on analog 35mm / 120 film by Sawyer Knox in Portland, Oregon. Instagram: @sawyer.j.knox | Portfolio & prints: https://sjkonfilm.work",35mm Street Photography
"Florence, Italy - Spring 2025 - 35mm Film Photography #9",https://sjkonfilm.work/assets/images/street/full/IMG_0512.webp,https://sjkonfilm.work/pages/street.html,"Florence, Italy - Spring 2025 - 35mm Film Photography #9. Shot on analog 35mm / 120 film by Sawyer Knox in Portland, Oregon. Instagram: @sawyer.j.knox | Portfolio & prints: https://sjkonfilm.work",35mm Street Photography
"Florence, Italy - Spring 2025 - 35mm Film Photography #10",https://sjkonfilm.work/assets/images/street/full/IMG_0544.webp,https://sjkonfilm.work/pages/street.html,"Florence, Italy - Spring 2025 - 35mm Film Photography #10. Shot on analog 35mm / 120 film by Sawyer Knox in Portland, Oregon. Instagram: @sawyer.j.knox | Portfolio & prints: https://sjkonfilm.work",35mm Street Photography
"Portland, Oregon - Spring 2025 - 35mm Film Photography",https://sjkonfilm.work/assets/images/street/full/IMG_0608.webp,https://sjkonfilm.work/pages/street.html,"Portland, Oregon - Spring 2025 - 35mm Film Photography. Shot on analog 35mm / 120 film by Sawyer Knox in Portland, Oregon. Instagram: @sawyer.j.knox | Portfolio & prints: https://sjkonfilm.work",35mm Street Photography
"Florence, Italy - Spring 2025 - 35mm Film Photography #11",https://sjkonfilm.work/assets/images/street/full/IMG_0647.webp,https://sjkonfilm.work/pages/street.html,"Florence, Italy - Spring 2025 - 35mm Film Photography #11. Shot on analog 35mm / 120 film by Sawyer Knox in Portland, Oregon. Instagram: @sawyer.j.knox | Portfolio & prints: https://sjkonfilm.work",35mm Street Photography
"Victoria, BC - Summer 2025 - 35mm Film Photography #2",https://sjkonfilm.work/assets/images/street/full/IMG_1163.webp,https://sjkonfilm.work/pages/street.html,"Victoria, BC - Summer 2025 - 35mm Film Photography #2. Shot on analog 35mm / 120 film by Sawyer Knox in Portland, Oregon. Instagram: @sawyer.j.knox | Portfolio & prints: https://sjkonfilm.work",35mm Street Photography
"Victoria, BC - Summer 2025 - 35mm Film Photography #3",https://sjkonfilm.work/assets/images/street/full/IMG_1169.webp,https://sjkonfilm.work/pages/street.html,"Victoria, BC - Summer 2025 - 35mm Film Photography #3. Shot on analog 35mm / 120 film by Sawyer Knox in Portland, Oregon. Instagram: @sawyer.j.knox | Portfolio & prints: https://sjkonfilm.work",35mm Street Photography
"Victoria, BC - Summer 2025 - 35mm Film Photography #4",https://sjkonfilm.work/assets/images/street/full/IMG_1194.webp,https://sjkonfilm.work/pages/street.html,"Victoria, BC - Summer 2025 - 35mm Film Photography #4. Shot on analog 35mm / 120 film by Sawyer Knox in Portland, Oregon. Instagram: @sawyer.j.knox | Portfolio & prints: https://sjkonfilm.work",35mm Street Photography
"Victoria, BC - Summer 2025 - 35mm Film Photography #5",https://sjkonfilm.work/assets/images/street/full/IMG_1219.webp,https://sjkonfilm.work/pages/street.html,"Victoria, BC - Summer 2025 - 35mm Film Photography #5. Shot on analog 35mm / 120 film by Sawyer Knox in Portland, Oregon. Instagram: @sawyer.j.knox | Portfolio & prints: https://sjkonfilm.work",35mm Street Photography
"Portland, Oregon - Summer 2025 - 35mm Film Photography #9",https://sjkonfilm.work/assets/images/street/full/IMG_1723.webp,https://sjkonfilm.work/pages/street.html,"Portland, Oregon - Summer 2025 - 35mm Film Photography #9. Shot on analog 35mm / 120 film by Sawyer Knox in Portland, Oregon. Instagram: @sawyer.j.knox | Portfolio & prints: https://sjkonfilm.work",35mm Street Photography
"Portland, Oregon - Summer 2025 - 35mm Film Photography #10",https://sjkonfilm.work/assets/images/street/full/IMG_1760.webp,https://sjkonfilm.work/pages/street.html,"Portland, Oregon - Summer 2025 - 35mm Film Photography #10. Shot on analog 35mm / 120 film by Sawyer Knox in Portland, Oregon. Instagram: @sawyer.j.knox | Portfolio & prints: https://sjkonfilm.work",35mm Street Photography
"Portland, Oregon - Summer 2025 - 35mm Film Photography #11",https://sjkonfilm.work/assets/images/street/full/IMG_1762.webp,https://sjkonfilm.work/pages/street.html,"Portland, Oregon - Summer 2025 - 35mm Film Photography #11. Shot on analog 35mm / 120 film by Sawyer Knox in Portland, Oregon. Instagram: @sawyer.j.knox | Portfolio & prints: https://sjkonfilm.work",35mm Street Photography
"St. Paul, Oregon - Summer 2025 - 35mm Film Photography",https://sjkonfilm.work/assets/images/street/full/IMG_2438.webp,https://sjkonfilm.work/pages/street.html,"St. Paul, Oregon - Summer 2025 - 35mm Film Photography. Shot on analog 35mm / 120 film by Sawyer Knox in Portland, Oregon. Instagram: @sawyer.j.knox | Portfolio & prints: https://sjkonfilm.work",35mm Street Photography
"St. Paul, Oregon - Summer 2025 - 35mm Film Photography #2",https://sjkonfilm.work/assets/images/street/full/IMG_2447.webp,https://sjkonfilm.work/pages/street.html,"St. Paul, Oregon - Summer 2025 - 35mm Film Photography #2. Shot on analog 35mm / 120 film by Sawyer Knox in Portland, Oregon. Instagram: @sawyer.j.knox | Portfolio & prints: https://sjkonfilm.work",35mm Street Photography
"St. Paul, Oregon - Summer 2025 - 35mm Film Photography #3",https://sjkonfilm.work/assets/images/street/full/IMG_2465.webp,https://sjkonfilm.work/pages/street.html,"St. Paul, Oregon - Summer 2025 - 35mm Film Photography #3. Shot on analog 35mm / 120 film by Sawyer Knox in Portland, Oregon. Instagram: @sawyer.j.knox | Portfolio & prints: https://sjkonfilm.work",35mm Street Photography
"St. Paul, Oregon - Summer 2025 - 35mm Film Photography #4",https://sjkonfilm.work/assets/images/street/full/IMG_2469.webp,https://sjkonfilm.work/pages/street.html,"St. Paul, Oregon - Summer 2025 - 35mm Film Photography #4. Shot on analog 35mm / 120 film by Sawyer Knox in Portland, Oregon. Instagram: @sawyer.j.knox | Portfolio & prints: https://sjkonfilm.work",35mm Street Photography
"Pickathon, Oregon - Summer 2025 - 35mm Film Photography",https://sjkonfilm.work/assets/images/street/full/IMG_2565.webp,https://sjkonfilm.work/pages/street.html,"Pickathon, Oregon - Summer 2025 - 35mm Film Photography. Shot on analog 35mm / 120 film by Sawyer Knox in Portland, Oregon. Instagram: @sawyer.j.knox | Portfolio & prints: https://sjkonfilm.work",35mm Street Photography
"Pickathon, Oregon - Summer 2025 - 35mm Film Photography #2",https://sjkonfilm.work/assets/images/street/full/IMG_2571.webp,https://sjkonfilm.work/pages/street.html,"Pickathon, Oregon - Summer 2025 - 35mm Film Photography #2. Shot on analog 35mm / 120 film by Sawyer Knox in Portland, Oregon. Instagram: @sawyer.j.knox | Portfolio & prints: https://sjkonfilm.work",35mm Street Photography
"Long Beach, Washington - Summer 2025 - 35mm Film Photography",https://sjkonfilm.work/assets/images/street/full/IMG_2617.webp,https://sjkonfilm.work/pages/street.html,"Long Beach, Washington - Summer 2025 - 35mm Film Photography. Shot on analog 35mm / 120 film by Sawyer Knox in Portland, Oregon. Instagram: @sawyer.j.knox | Portfolio & prints: https://sjkonfilm.work",35mm Street Photography
"Sauvie Island, Oregon - Summer 2025 - 35mm Film Photography",https://sjkonfilm.work/assets/images/street/full/IMG_2635.webp,https://sjkonfilm.work/pages/street.html,"Sauvie Island, Oregon - Summer 2025 - 35mm Film Photography. Shot on analog 35mm / 120 film by Sawyer Knox in Portland, Oregon. Instagram: @sawyer.j.knox | Portfolio & prints: https://sjkonfilm.work",35mm Street Photography
"Corvalis, Oregon - Summer 2025 - 35mm Film Photography",https://sjkonfilm.work/assets/images/street/full/IMG_2642.webp,https://sjkonfilm.work/pages/street.html,"Corvalis, Oregon - Summer 2025 - 35mm Film Photography. Shot on analog 35mm / 120 film by Sawyer Knox in Portland, Oregon. Instagram: @sawyer.j.knox | Portfolio & prints: https://sjkonfilm.work",35mm Street Photography
"Sauvie Island, Oregon - Summer 2025 - 35mm Film Photography #2",https://sjkonfilm.work/assets/images/street/full/IMG_2644.webp,https://sjkonfilm.work/pages/street.html,"Sauvie Island, Oregon - Summer 2025 - 35mm Film Photography #2. Shot on analog 35mm / 120 film by Sawyer Knox in Portland, Oregon. Instagram: @sawyer.j.knox | Portfolio & prints: https://sjkonfilm.work",35mm Street Photography
Oregon Coast - Summer 2025 - 35mm Film Photography,https://sjkonfilm.work/assets/images/street/full/IMG_2645.webp,https://sjkonfilm.work/pages/street.html,"Oregon Coast - Summer 2025 - 35mm Film Photography. Shot on analog 35mm / 120 film by Sawyer Knox in Portland, Oregon. Instagram: @sawyer.j.knox | Portfolio & prints: https://sjkonfilm.work",35mm Street Photography
"Sauvie Island, Oregon - Summer 2025 - 35mm Film Photography #3",https://sjkonfilm.work/assets/images/street/full/IMG_2650.webp,https://sjkonfilm.work/pages/street.html,"Sauvie Island, Oregon - Summer 2025 - 35mm Film Photography #3. Shot on analog 35mm / 120 film by Sawyer Knox in Portland, Oregon. Instagram: @sawyer.j.knox | Portfolio & prints: https://sjkonfilm.work",35mm Street Photography
"Corvalis, Oregon - Summer 2025 - 35mm Film Photography #2",https://sjkonfilm.work/assets/images/street/full/IMG_2653.webp,https://sjkonfilm.work/pages/street.html,"Corvalis, Oregon - Summer 2025 - 35mm Film Photography #2. Shot on analog 35mm / 120 film by Sawyer Knox in Portland, Oregon. Instagram: @sawyer.j.knox | Portfolio & prints: https://sjkonfilm.work",35mm Street Photography
"Whitefish, Montana - Summer 2025 - 35mm Film Photography",https://sjkonfilm.work/assets/images/street/full/IMG_3482.webp,https://sjkonfilm.work/pages/street.html,"Whitefish, Montana - Summer 2025 - 35mm Film Photography. Shot on analog 35mm / 120 film by Sawyer Knox in Portland, Oregon. Instagram: @sawyer.j.knox | Portfolio & prints: https://sjkonfilm.work",35mm Street Photography
"Portland, Oregon - Summer 2025 - 35mm Film Photography #12",https://sjkonfilm.work/assets/images/street/full/IMG_3527.webp,https://sjkonfilm.work/pages/street.html,"Portland, Oregon - Summer 2025 - 35mm Film Photography #12. Shot on analog 35mm / 120 film by Sawyer Knox in Portland, Oregon. Instagram: @sawyer.j.knox | Portfolio & prints: https://sjkonfilm.work",35mm Street Photography
"Portland, Oregon - Summer 2025 - 35mm Film Photography #13",https://sjkonfilm.work/assets/images/street/full/IMG_3529.webp,https://sjkonfilm.work/pages/street.html,"Portland, Oregon - Summer 2025 - 35mm Film Photography #13. Shot on analog 35mm / 120 film by Sawyer Knox in Portland, Oregon. Instagram: @sawyer.j.knox | Portfolio & prints: https://sjkonfilm.work",35mm Street Photography
"Portland, Oregon - Summer 2025 - 35mm Film Photography #14",https://sjkonfilm.work/assets/images/street/full/IMG_3536.webp,https://sjkonfilm.work/pages/street.html,"Portland, Oregon - Summer 2025 - 35mm Film Photography #14. Shot on analog 35mm / 120 film by Sawyer Knox in Portland, Oregon. Instagram: @sawyer.j.knox | Portfolio & prints: https://sjkonfilm.work",35mm Street Photography
"Portland, Oregon - Summer 2025 - 35mm Film Photography #15",https://sjkonfilm.work/assets/images/street/full/IMG_3566.webp,https://sjkonfilm.work/pages/street.html,"Portland, Oregon - Summer 2025 - 35mm Film Photography #15. Shot on analog 35mm / 120 film by Sawyer Knox in Portland, Oregon. Instagram: @sawyer.j.knox | Portfolio & prints: https://sjkonfilm.work",35mm Street Photography
"Crater Lake, Oregon - Summer 2025 - 35mm Film Photography #2",https://sjkonfilm.work/assets/images/street/full/IMG_3572.webp,https://sjkonfilm.work/pages/street.html,"Crater Lake, Oregon - Summer 2025 - 35mm Film Photography #2. Shot on analog 35mm / 120 film by Sawyer Knox in Portland, Oregon. Instagram: @sawyer.j.knox | Portfolio & prints: https://sjkonfilm.work",35mm Street Photography
Montana - Summer 2025 - 35mm Film Photography,https://sjkonfilm.work/assets/images/street/full/IMG_3590.webp,https://sjkonfilm.work/pages/street.html,"Montana - Summer 2025 - 35mm Film Photography. Shot on analog 35mm / 120 film by Sawyer Knox in Portland, Oregon. Instagram: @sawyer.j.knox | Portfolio & prints: https://sjkonfilm.work",35mm Street Photography
"West Glacier, Montana - Summer 2025 - 35mm Film Photography",https://sjkonfilm.work/assets/images/street/full/IMG_3609.webp,https://sjkonfilm.work/pages/street.html,"West Glacier, Montana - Summer 2025 - 35mm Film Photography. Shot on analog 35mm / 120 film by Sawyer Knox in Portland, Oregon. Instagram: @sawyer.j.knox | Portfolio & prints: https://sjkonfilm.work",35mm Street Photography
"Russelville, Arkansas - Spring 2024 - 35mm Film Photography",https://sjkonfilm.work/assets/images/street/full/IMG_3915.webp,https://sjkonfilm.work/pages/street.html,"Russelville, Arkansas - Spring 2024 - 35mm Film Photography. Shot on analog 35mm / 120 film by Sawyer Knox in Portland, Oregon. Instagram: @sawyer.j.knox | Portfolio & prints: https://sjkonfilm.work",35mm Street Photography
"Democratic National Convention, Chicago, Illinois - Summer 2024 - 35mm Film Photography",https://sjkonfilm.work/assets/images/street/full/IMG_7448.webp,https://sjkonfilm.work/pages/street.html,"Democratic National Convention, Chicago, Illinois - Summer 2024 - 35mm Film Photography. Shot on analog 35mm / 120 film by Sawyer Knox in Portland, Oregon. Instagram: @sawyer.j.knox | Portfolio & prints: https://sjkonfilm.work",35mm Street Photography
"Seaside, Oregon - Winter 2024 - 35mm Film Photography #2",https://sjkonfilm.work/assets/images/street/full/IMG_8654.webp,https://sjkonfilm.work/pages/street.html,"Seaside, Oregon - Winter 2024 - 35mm Film Photography #2. Shot on analog 35mm / 120 film by Sawyer Knox in Portland, Oregon. Instagram: @sawyer.j.knox | Portfolio & prints: https://sjkonfilm.work",35mm Street Photography
"Portland, Oregon - Summer 2025 - 35mm Film Photography #16",https://sjkonfilm.work/assets/images/street/full/IMG_9850.webp,https://sjkonfilm.work/pages/street.html,"Portland, Oregon - Summer 2025 - 35mm Film Photography #16. Shot on analog 35mm / 120 film by Sawyer Knox in Portland, Oregon. Instagram: @sawyer.j.knox | Portfolio & prints: https://sjkonfilm.work",35mm Street Photography
"Portland, Oregon - Summer 2025 - 35mm Film Photography #17",https://sjkonfilm.work/assets/images/street/full/IMG_9878.webp,https://sjkonfilm.work/pages/street.html,"Portland, Oregon - Summer 2025 - 35mm Film Photography #17. Shot on analog 35mm / 120 film by Sawyer Knox in Portland, Oregon. Instagram: @sawyer.j.knox | Portfolio & prints: https://sjkonfilm.work",35mm Street Photography
"Fort Worth, Texas - Winter 2025 - 35mm Film Photography",https://sjkonfilm.work/assets/images/street/full/IMG_9886.webp,https://sjkonfilm.work/pages/street.html,"Fort Worth, Texas - Winter 2025 - 35mm Film Photography. Shot on analog 35mm / 120 film by Sawyer Knox in Portland, Oregon. Instagram: @sawyer.j.knox | Portfolio & prints: https://sjkonfilm.work",35mm Street Photography
"Fort Worth, Texas - Winter 2025 - 35mm Film Photography #2",https://sjkonfilm.work/assets/images/street/full/IMG_9889.webp,https://sjkonfilm.work/pages/street.html,"Fort Worth, Texas - Winter 2025 - 35mm Film Photography #2. Shot on analog 35mm / 120 film by Sawyer Knox in Portland, Oregon. Instagram: @sawyer.j.knox | Portfolio & prints: https://sjkonfilm.work",35mm Street Photography
"Fort Worth, Texas - Winter 2025 - 35mm Film Photography #3",https://sjkonfilm.work/assets/images/street/full/IMG_9893.webp,https://sjkonfilm.work/pages/street.html,"Fort Worth, Texas - Winter 2025 - 35mm Film Photography #3. Shot on analog 35mm / 120 film by Sawyer Knox in Portland, Oregon. Instagram: @sawyer.j.knox | Portfolio & prints: https://sjkonfilm.work",35mm Street Photography
"Fort Worth, Texas - Winter 2025 - 35mm Film Photography #4",https://sjkonfilm.work/assets/images/street/full/IMG_9908.webp,https://sjkonfilm.work/pages/street.html,"Fort Worth, Texas - Winter 2025 - 35mm Film Photography #4. Shot on analog 35mm / 120 film by Sawyer Knox in Portland, Oregon. Instagram: @sawyer.j.knox | Portfolio & prints: https://sjkonfilm.work",35mm Street Photography
"Democratic National Convention, Chicago, Illinois - Summer 2024 - 35mm Film Photography #2",https://sjkonfilm.work/assets/images/street/full/IMG_7470.webp,https://sjkonfilm.work/pages/street.html,"Democratic National Convention, Chicago, Illinois - Summer 2024 - 35mm Film Photography #2. Shot on analog 35mm / 120 film by Sawyer Knox in Portland, Oregon. Instagram: @sawyer.j.knox | Portfolio & prints: https://sjkonfilm.work",35mm Street Photography
"Portland, Oregon - Summer 2025 - 35mm Film Photography #18",https://sjkonfilm.work/assets/images/street/full/IMG_3958.webp,https://sjkonfilm.work/pages/street.html,"Portland, Oregon - Summer 2025 - 35mm Film Photography #18. Shot on analog 35mm / 120 film by Sawyer Knox in Portland, Oregon. Instagram: @sawyer.j.knox | Portfolio & prints: https://sjkonfilm.work",35mm Street Photography
"Portland, Oregon - Summer 2025 - 35mm Film Photography #19",https://sjkonfilm.work/assets/images/street/full/IMG_3974.webp,https://sjkonfilm.work/pages/street.html,"Portland, Oregon - Summer 2025 - 35mm Film Photography #19. Shot on analog 35mm / 120 film by Sawyer Knox in Portland, Oregon. Instagram: @sawyer.j.knox | Portfolio & prints: https://sjkonfilm.work",35mm Street Photography
"Portland, Oregon - Summer 2025 - 35mm Film Photography #20",https://sjkonfilm.work/assets/images/street/full/IMG_3978.webp,https://sjkonfilm.work/pages/street.html,"Portland, Oregon - Summer 2025 - 35mm Film Photography #20. Shot on analog 35mm / 120 film by Sawyer Knox in Portland, Oregon. Instagram: @sawyer.j.knox | Portfolio & prints: https://sjkonfilm.work",35mm Street Photography
"Tokyo, Japan - Autumn 2025 - 35mm Film Photography #4",https://sjkonfilm.work/assets/images/street/full/IMG_4510.webp,https://sjkonfilm.work/pages/street.html,"Tokyo, Japan - Autumn 2025 - 35mm Film Photography #4. Shot on analog 35mm / 120 film by Sawyer Knox in Portland, Oregon. Instagram: @sawyer.j.knox | Portfolio & prints: https://sjkonfilm.work",35mm Street Photography
"Kyoto, Japan - Autumn 2025 - 35mm Film Photography #2",https://sjkonfilm.work/assets/images/street/full/IMG_4524.webp,https://sjkonfilm.work/pages/street.html,"Kyoto, Japan - Autumn 2025 - 35mm Film Photography #2. Shot on analog 35mm / 120 film by Sawyer Knox in Portland, Oregon. Instagram: @sawyer.j.knox | Portfolio & prints: https://sjkonfilm.work",35mm Street Photography
"Kyoto, Japan - Autumn 2025 - 35mm Film Photography #3",https://sjkonfilm.work/assets/images/street/full/IMG_4535.webp,https://sjkonfilm.work/pages/street.html,"Kyoto, Japan - Autumn 2025 - 35mm Film Photography #3. Shot on analog 35mm / 120 film by Sawyer Knox in Portland, Oregon. Instagram: @sawyer.j.knox | Portfolio & prints: https://sjkonfilm.work",35mm Street Photography
"Kyoto, Japan - Autumn 2025 - 35mm Film Photography #4",https://sjkonfilm.work/assets/images/street/full/IMG_4539.webp,https://sjkonfilm.work/pages/street.html,"Kyoto, Japan - Autumn 2025 - 35mm Film Photography #4. Shot on analog 35mm / 120 film by Sawyer Knox in Portland, Oregon. Instagram: @sawyer.j.knox | Portfolio & prints: https://sjkonfilm.work",35mm Street Photography
"Kinosaki, Japan - Autumn 2025 - 35mm Film Photography",https://sjkonfilm.work/assets/images/street/full/IMG_4545.webp,https://sjkonfilm.work/pages/street.html,"Kinosaki, Japan - Autumn 2025 - 35mm Film Photography. Shot on analog 35mm / 120 film by Sawyer Knox in Portland, Oregon. Instagram: @sawyer.j.knox | Portfolio & prints: https://sjkonfilm.work",35mm Street Photography
"Kinosaki, Japan - Autumn 2025 - 35mm Film Photography #2",https://sjkonfilm.work/assets/images/street/full/IMG_4560.webp,https://sjkonfilm.work/pages/street.html,"Kinosaki, Japan - Autumn 2025 - 35mm Film Photography #2. Shot on analog 35mm / 120 film by Sawyer Knox in Portland, Oregon. Instagram: @sawyer.j.knox | Portfolio & prints: https://sjkonfilm.work",35mm Street Photography
"Kinosaki, Japan - Autumn 2025 - 35mm Film Photography #3",https://sjkonfilm.work/assets/images/street/full/IMG_4563.webp,https://sjkonfilm.work/pages/street.html,"Kinosaki, Japan - Autumn 2025 - 35mm Film Photography #3. Shot on analog 35mm / 120 film by Sawyer Knox in Portland, Oregon. Instagram: @sawyer.j.knox | Portfolio & prints: https://sjkonfilm.work",35mm Street Photography
"Nikko, Japan - Autumn 2025 - 35mm Film Photography #2",https://sjkonfilm.work/assets/images/street/full/IMG_4593.webp,https://sjkonfilm.work/pages/street.html,"Nikko, Japan - Autumn 2025 - 35mm Film Photography #2. Shot on analog 35mm / 120 film by Sawyer Knox in Portland, Oregon. Instagram: @sawyer.j.knox | Portfolio & prints: https://sjkonfilm.work",35mm Street Photography
"Tokyo, Japan - Autumn 2025 - 35mm Film Photography #5",https://sjkonfilm.work/assets/images/street/full/IMG_4604.webp,https://sjkonfilm.work/pages/street.html,"Tokyo, Japan - Autumn 2025 - 35mm Film Photography #5. Shot on analog 35mm / 120 film by Sawyer Knox in Portland, Oregon. Instagram: @sawyer.j.knox | Portfolio & prints: https://sjkonfilm.work",35mm Street Photography
"Kawagoe, Japan - Autumn 2025 - 35mm Film Photography #2",https://sjkonfilm.work/assets/images/street/full/IMG_4612.webp,https://sjkonfilm.work/pages/street.html,"Kawagoe, Japan - Autumn 2025 - 35mm Film Photography #2. Shot on analog 35mm / 120 film by Sawyer Knox in Portland, Oregon. Instagram: @sawyer.j.knox | Portfolio & prints: https://sjkonfilm.work",35mm Street Photography
"Nikko, Japan - Autumn 2025 - 35mm Film Photography #3",https://sjkonfilm.work/assets/images/street/full/IMG_4614.webp,https://sjkonfilm.work/pages/street.html,"Nikko, Japan - Autumn 2025 - 35mm Film Photography #3. Shot on analog 35mm / 120 film by Sawyer Knox in Portland, Oregon. Instagram: @sawyer.j.knox | Portfolio & prints: https://sjkonfilm.work",35mm Street Photography
"Tokyo, Japan - Autumn 2025 - 35mm Film Photography #6",https://sjkonfilm.work/assets/images/street/full/IMG_4646.webp,https://sjkonfilm.work/pages/street.html,"Tokyo, Japan - Autumn 2025 - 35mm Film Photography #6. Shot on analog 35mm / 120 film by Sawyer Knox in Portland, Oregon. Instagram: @sawyer.j.knox | Portfolio & prints: https://sjkonfilm.work",35mm Street Photography
"Tokyo, Japan - Autumn 2025 - 35mm Film Photography #7",https://sjkonfilm.work/assets/images/street/full/IMG_4660.webp,https://sjkonfilm.work/pages/street.html,"Tokyo, Japan - Autumn 2025 - 35mm Film Photography #7. Shot on analog 35mm / 120 film by Sawyer Knox in Portland, Oregon. Instagram: @sawyer.j.knox | Portfolio & prints: https://sjkonfilm.work",35mm Street Photography
"Tokyo, Japan - Autumn 2025 - 35mm Film Photography #8",https://sjkonfilm.work/assets/images/street/full/IMG_4694.webp,https://sjkonfilm.work/pages/street.html,"Tokyo, Japan - Autumn 2025 - 35mm Film Photography #8. Shot on analog 35mm / 120 film by Sawyer Knox in Portland, Oregon. Instagram: @sawyer.j.knox | Portfolio & prints: https://sjkonfilm.work",35mm Street Photography
"Tokyo, Japan - Autumn 2025 - 35mm Film Photography #9",https://sjkonfilm.work/assets/images/street/full/IMG_4711.webp,https://sjkonfilm.work/pages/street.html,"Tokyo, Japan - Autumn 2025 - 35mm Film Photography #9. Shot on analog 35mm / 120 film by Sawyer Knox in Portland, Oregon. Instagram: @sawyer.j.knox | Portfolio & prints: https://sjkonfilm.work",35mm Street Photography
"Tokyo, Japan - Autumn 2025 - 35mm Film Photography #10",https://sjkonfilm.work/assets/images/street/full/IMG_4713.webp,https://sjkonfilm.work/pages/street.html,"Tokyo, Japan - Autumn 2025 - 35mm Film Photography #10. Shot on analog 35mm / 120 film by Sawyer Knox in Portland, Oregon. Instagram: @sawyer.j.knox | Portfolio & prints: https://sjkonfilm.work",35mm Street Photography
"Tokyo, Japan - Autumn 2025 - 35mm Film Photography #11",https://sjkonfilm.work/assets/images/street/full/IMG_4720.webp,https://sjkonfilm.work/pages/street.html,"Tokyo, Japan - Autumn 2025 - 35mm Film Photography #11. Shot on analog 35mm / 120 film by Sawyer Knox in Portland, Oregon. Instagram: @sawyer.j.knox | Portfolio & prints: https://sjkonfilm.work",35mm Street Photography
"&quot;Min danske ven&quot; Kyoto, Japan - efterår 2025 - 35mm Film Photography",https://sjkonfilm.work/assets/images/street/full/IMG_4778.webp,https://sjkonfilm.work/pages/street.html,"&quot;Min danske ven&quot; Kyoto, Japan - efterår 2025 - 35mm Film Photography. Shot on analog 35mm / 120 film by Sawyer Knox in Portland, Oregon. Instagram: @sawyer.j.knox | Portfolio & prints: https://sjkonfilm.work",35mm Street Photography
"Tokyo, Japan - Autumn 2025 - 35mm Film Photography #12",https://sjkonfilm.work/assets/images/street/full/IMG_4814.webp,https://sjkonfilm.work/pages/street.html,"Tokyo, Japan - Autumn 2025 - 35mm Film Photography #12. Shot on analog 35mm / 120 film by Sawyer Knox in Portland, Oregon. Instagram: @sawyer.j.knox | Portfolio & prints: https://sjkonfilm.work",35mm Street Photography
"Kawagoe, Japan - Autumn 2025 - 35mm Film Photography #3",https://sjkonfilm.work/assets/images/street/full/IMG_4819.webp,https://sjkonfilm.work/pages/street.html,"Kawagoe, Japan - Autumn 2025 - 35mm Film Photography #3. Shot on analog 35mm / 120 film by Sawyer Knox in Portland, Oregon. Instagram: @sawyer.j.knox | Portfolio & prints: https://sjkonfilm.work",35mm Street Photography
Cuba - Summer 2026 - 35mm Film Photography #21,https://sjkonfilm.work/assets/images/street/full/000000010004.webp,https://sjkonfilm.work/pages/street.html,"Cuba - Summer 2026 - 35mm Film Photography #21. Shot on analog 35mm / 120 film by Sawyer Knox in Portland, Oregon. Instagram: @sawyer.j.knox | Portfolio & prints: https://sjkonfilm.work",35mm Street Photography
Cuba - Summer 2026 - 35mm Film Photography #22,https://sjkonfilm.work/assets/images/street/full/000000010007.webp,https://sjkonfilm.work/pages/street.html,"Cuba - Summer 2026 - 35mm Film Photography #22. Shot on analog 35mm / 120 film by Sawyer Knox in Portland, Oregon. Instagram: @sawyer.j.knox | Portfolio & prints: https://sjkonfilm.work",35mm Street Photography
Cuba - Summer 2026 - 35mm Film Photography #23,https://sjkonfilm.work/assets/images/street/full/000000010008.webp,https://sjkonfilm.work/pages/street.html,"Cuba - Summer 2026 - 35mm Film Photography #23. Shot on analog 35mm / 120 film by Sawyer Knox in Portland, Oregon. Instagram: @sawyer.j.knox | Portfolio & prints: https://sjkonfilm.work",35mm Street Photography
Cuba - Summer 2026 - 35mm Film Photography #24,https://sjkonfilm.work/assets/images/street/full/000000010009.webp,https://sjkonfilm.work/pages/street.html,"Cuba - Summer 2026 - 35mm Film Photography #24. Shot on analog 35mm / 120 film by Sawyer Knox in Portland, Oregon. Instagram: @sawyer.j.knox | Portfolio & prints: https://sjkonfilm.work",35mm Street Photography
Cuba - Summer 2026 - 35mm Film Photography #25,https://sjkonfilm.work/assets/images/street/full/000000010010.webp,https://sjkonfilm.work/pages/street.html,"Cuba - Summer 2026 - 35mm Film Photography #25. Shot on analog 35mm / 120 film by Sawyer Knox in Portland, Oregon. Instagram: @sawyer.j.knox | Portfolio & prints: https://sjkonfilm.work",35mm Street Photography
Cuba - Summer 2026 - 35mm Film Photography #26,https://sjkonfilm.work/assets/images/street/full/000000010012.webp,https://sjkonfilm.work/pages/street.html,"Cuba - Summer 2026 - 35mm Film Photography #26. Shot on analog 35mm / 120 film by Sawyer Knox in Portland, Oregon. Instagram: @sawyer.j.knox | Portfolio & prints: https://sjkonfilm.work",35mm Street Photography
Cuba - Summer 2026 - 35mm Film Photography #27,https://sjkonfilm.work/assets/images/street/full/000000020002.webp,https://sjkonfilm.work/pages/street.html,"Cuba - Summer 2026 - 35mm Film Photography #27. Shot on analog 35mm / 120 film by Sawyer Knox in Portland, Oregon. Instagram: @sawyer.j.knox | Portfolio & prints: https://sjkonfilm.work",35mm Street Photography
Cuba - Summer 2026 - 35mm Film Photography #28,https://sjkonfilm.work/assets/images/street/full/000000020007.webp,https://sjkonfilm.work/pages/street.html,"Cuba - Summer 2026 - 35mm Film Photography #28. Shot on analog 35mm / 120 film by Sawyer Knox in Portland, Oregon. Instagram: @sawyer.j.knox | Portfolio & prints: https://sjkonfilm.work",35mm Street Photography
Cuba - Summer 2026 - 35mm Film Photography #29,https://sjkonfilm.work/assets/images/street/full/000000020008.webp,https://sjkonfilm.work/pages/street.html,"Cuba - Summer 2026 - 35mm Film Photography #29. Shot on analog 35mm / 120 film by Sawyer Knox in Portland, Oregon. Instagram: @sawyer.j.knox | Portfolio & prints: https://sjkonfilm.work",35mm Street Photography
Cuba - Summer 2026 - 35mm Film Photography #30,https://sjkonfilm.work/assets/images/street/full/000000020010.webp,https://sjkonfilm.work/pages/street.html,"Cuba - Summer 2026 - 35mm Film Photography #30. Shot on analog 35mm / 120 film by Sawyer Knox in Portland, Oregon. Instagram: @sawyer.j.knox | Portfolio & prints: https://sjkonfilm.work",35mm Street Photography
Cuba - Summer 2026 - 35mm Film Photography #31,https://sjkonfilm.work/assets/images/street/full/000000020014.webp,https://sjkonfilm.work/pages/street.html,"Cuba - Summer 2026 - 35mm Film Photography #31. Shot on analog 35mm / 120 film by Sawyer Knox in Portland, Oregon. Instagram: @sawyer.j.knox | Portfolio & prints: https://sjkonfilm.work",35mm Street Photography
Cuba - Summer 2026 - 35mm Film Photography #32,https://sjkonfilm.work/assets/images/street/full/000000020015.webp,https://sjkonfilm.work/pages/street.html,"Cuba - Summer 2026 - 35mm Film Photography #32. Shot on analog 35mm / 120 film by Sawyer Knox in Portland, Oregon. Instagram: @sawyer.j.knox | Portfolio & prints: https://sjkonfilm.work",35mm Street Photography
Cuba - Summer 2026 - 35mm Film Photography #33,https://sjkonfilm.work/assets/images/street/full/000000020016.webp,https://sjkonfilm.work/pages/street.html,"Cuba - Summer 2026 - 35mm Film Photography #33. Shot on analog 35mm / 120 film by Sawyer Knox in Portland, Oregon. Instagram: @sawyer.j.knox | Portfolio & prints: https://sjkonfilm.work",35mm Street Photography
Cuba - Summer 2026 - 35mm Film Photography #34,https://sjkonfilm.work/assets/images/street/full/000000040001.webp,https://sjkonfilm.work/pages/street.html,"Cuba - Summer 2026 - 35mm Film Photography #34. Shot on analog 35mm / 120 film by Sawyer Knox in Portland, Oregon. Instagram: @sawyer.j.knox | Portfolio & prints: https://sjkonfilm.work",35mm Street Photography
Cuba - Summer 2026 - 35mm Film Photography #35,https://sjkonfilm.work/assets/images/street/full/000000040003.webp,https://sjkonfilm.work/pages/street.html,"Cuba - Summer 2026 - 35mm Film Photography #35. Shot on analog 35mm / 120 film by Sawyer Knox in Portland, Oregon. Instagram: @sawyer.j.knox | Portfolio & prints: https://sjkonfilm.work",35mm Street Photography
Cuba - Summer 2026 - 35mm Film Photography #36,https://sjkonfilm.work/assets/images/street/full/000000040004.webp,https://sjkonfilm.work/pages/street.html,"Cuba - Summer 2026 - 35mm Film Photography #36. Shot on analog 35mm / 120 film by Sawyer Knox in Portland, Oregon. Instagram: @sawyer.j.knox | Portfolio & prints: https://sjkonfilm.work",35mm Street Photography
Cuba - Summer 2026 - 35mm Film Photography #37,https://sjkonfilm.work/assets/images/street/full/000000040007.webp,https://sjkonfilm.work/pages/street.html,"Cuba - Summer 2026 - 35mm Film Photography #37. Shot on analog 35mm / 120 film by Sawyer Knox in Portland, Oregon. Instagram: @sawyer.j.knox | Portfolio & prints: https://sjkonfilm.work",35mm Street Photography
Cuba - Summer 2026 - 35mm Film Photography #38,https://sjkonfilm.work/assets/images/street/full/000000040008.webp,https://sjkonfilm.work/pages/street.html,"Cuba - Summer 2026 - 35mm Film Photography #38. Shot on analog 35mm / 120 film by Sawyer Knox in Portland, Oregon. Instagram: @sawyer.j.knox | Portfolio & prints: https://sjkonfilm.work",35mm Street Photography
Cuba - Summer 2026 - 35mm Film Photography #39,https://sjkonfilm.work/assets/images/street/full/000000040016.webp,https://sjkonfilm.work/pages/street.html,"Cuba - Summer 2026 - 35mm Film Photography #39. Shot on analog 35mm / 120 film by Sawyer Knox in Portland, Oregon. Instagram: @sawyer.j.knox | Portfolio & prints: https://sjkonfilm.work",35mm Street Photography
Cuba - Summer 2026 - 35mm Film Photography #40,https://sjkonfilm.work/assets/images/street/full/000000040022.webp,https://sjkonfilm.work/pages/street.html,"Cuba - Summer 2026 - 35mm Film Photography #40. Shot on analog 35mm / 120 film by Sawyer Knox in Portland, Oregon. Instagram: @sawyer.j.knox | Portfolio & prints: https://sjkonfilm.work",35mm Street Photography
Cuba - Summer 2026 - 35mm Film Photography #41,https://sjkonfilm.work/assets/images/street/full/000000040023.webp,https://sjkonfilm.work/pages/street.html,"Cuba - Summer 2026 - 35mm Film Photography #41. Shot on analog 35mm / 120 film by Sawyer Knox in Portland, Oregon. Instagram: @sawyer.j.knox | Portfolio & prints: https://sjkonfilm.work",35mm Street Photography
Cuba - Summer 2026 - 35mm Film Photography #42,https://sjkonfilm.work/assets/images/street/full/000000040028.webp,https://sjkonfilm.work/pages/street.html,"Cuba - Summer 2026 - 35mm Film Photography #42. Shot on analog 35mm / 120 film by Sawyer Knox in Portland, Oregon. Instagram: @sawyer.j.knox | Portfolio & prints: https://sjkonfilm.work",35mm Street Photography
Cuba - Summer 2026 - 35mm Film Photography #43,https://sjkonfilm.work/assets/images/street/full/000000040031.webp,https://sjkonfilm.work/pages/street.html,"Cuba - Summer 2026 - 35mm Film Photography #43. Shot on analog 35mm / 120 film by Sawyer Knox in Portland, Oregon. Instagram: @sawyer.j.knox | Portfolio & prints: https://sjkonfilm.work",35mm Street Photography
Cuba - Summer 2026 - 35mm Film Photography #44,https://sjkonfilm.work/assets/images/street/full/000000050009.webp,https://sjkonfilm.work/pages/street.html,"Cuba - Summer 2026 - 35mm Film Photography #44. Shot on analog 35mm / 120 film by Sawyer Knox in Portland, Oregon. Instagram: @sawyer.j.knox | Portfolio & prints: https://sjkonfilm.work",35mm Street Photography
Cuba - Summer 2026 - 35mm Film Photography #45,https://sjkonfilm.work/assets/images/street/full/000000050013.webp,https://sjkonfilm.work/pages/street.html,"Cuba - Summer 2026 - 35mm Film Photography #45. Shot on analog 35mm / 120 film by Sawyer Knox in Portland, Oregon. Instagram: @sawyer.j.knox | Portfolio & prints: https://sjkonfilm.work",35mm Street Photography
Cuba - Summer 2026 - 35mm Film Photography #46,https://sjkonfilm.work/assets/images/street/full/000000050014.webp,https://sjkonfilm.work/pages/street.html,"Cuba - Summer 2026 - 35mm Film Photography #46. Shot on analog 35mm / 120 film by Sawyer Knox in Portland, Oregon. Instagram: @sawyer.j.knox | Portfolio & prints: https://sjkonfilm.work",35mm Street Photography
Cuba - Summer 2026 - 35mm Film Photography #47,https://sjkonfilm.work/assets/images/street/full/000000050015.webp,https://sjkonfilm.work/pages/street.html,"Cuba - Summer 2026 - 35mm Film Photography #47. Shot on analog 35mm / 120 film by Sawyer Knox in Portland, Oregon. Instagram: @sawyer.j.knox | Portfolio & prints: https://sjkonfilm.work",35mm Street Photography
Cuba - Summer 2026 - 35mm Film Photography #48,https://sjkonfilm.work/assets/images/street/full/000000050018.webp,https://sjkonfilm.work/pages/street.html,"Cuba - Summer 2026 - 35mm Film Photography #48. Shot on analog 35mm / 120 film by Sawyer Knox in Portland, Oregon. Instagram: @sawyer.j.knox | Portfolio & prints: https://sjkonfilm.work",35mm Street Photography
Cuba - Summer 2026 - 35mm Film Photography #49,https://sjkonfilm.work/assets/images/street/full/000000050019.webp,https://sjkonfilm.work/pages/street.html,"Cuba - Summer 2026 - 35mm Film Photography #49. Shot on analog 35mm / 120 film by Sawyer Knox in Portland, Oregon. Instagram: @sawyer.j.knox | Portfolio & prints: https://sjkonfilm.work",35mm Street Photography
Cuba - Summer 2026 - 35mm Film Photography #50,https://sjkonfilm.work/assets/images/street/full/000000050020.webp,https://sjkonfilm.work/pages/street.html,"Cuba - Summer 2026 - 35mm Film Photography #50. Shot on analog 35mm / 120 film by Sawyer Knox in Portland, Oregon. Instagram: @sawyer.j.knox | Portfolio & prints: https://sjkonfilm.work",35mm Street Photography
Cuba - Summer 2026 - 35mm Film Photography #51,https://sjkonfilm.work/assets/images/street/full/000000050025.webp,https://sjkonfilm.work/pages/street.html,"Cuba - Summer 2026 - 35mm Film Photography #51. Shot on analog 35mm / 120 film by Sawyer Knox in Portland, Oregon. Instagram: @sawyer.j.knox | Portfolio & prints: https://sjkonfilm.work",35mm Street Photography
Cuba - Summer 2026 - 35mm Film Photography #52,https://sjkonfilm.work/assets/images/street/full/000000050031.webp,https://sjkonfilm.work/pages/street.html,"Cuba - Summer 2026 - 35mm Film Photography #52. Shot on analog 35mm / 120 film by Sawyer Knox in Portland, Oregon. Instagram: @sawyer.j.knox | Portfolio & prints: https://sjkonfilm.work",35mm Street Photography
Cuba - Summer 2026 - 35mm Film Photography #53,https://sjkonfilm.work/assets/images/street/full/000000050035.webp,https://sjkonfilm.work/pages/street.html,"Cuba - Summer 2026 - 35mm Film Photography #53. Shot on analog 35mm / 120 film by Sawyer Knox in Portland, Oregon. Instagram: @sawyer.j.knox | Portfolio & prints: https://sjkonfilm.work",35mm Street Photography
Cuba - Summer 2026 - 35mm Film Photography #54,https://sjkonfilm.work/assets/images/street/full/000000070003.webp,https://sjkonfilm.work/pages/street.html,"Cuba - Summer 2026 - 35mm Film Photography #54. Shot on analog 35mm / 120 film by Sawyer Knox in Portland, Oregon. Instagram: @sawyer.j.knox | Portfolio & prints: https://sjkonfilm.work",35mm Street Photography
Cuba - Summer 2026 - 35mm Film Photography #55,https://sjkonfilm.work/assets/images/street/full/000000070004.webp,https://sjkonfilm.work/pages/street.html,"Cuba - Summer 2026 - 35mm Film Photography #55. Shot on analog 35mm / 120 film by Sawyer Knox in Portland, Oregon. Instagram: @sawyer.j.knox | Portfolio & prints: https://sjkonfilm.work",35mm Street Photography
Cuba - Summer 2026 - 35mm Film Photography #56,https://sjkonfilm.work/assets/images/street/full/000000070006.webp,https://sjkonfilm.work/pages/street.html,"Cuba - Summer 2026 - 35mm Film Photography #56. Shot on analog 35mm / 120 film by Sawyer Knox in Portland, Oregon. Instagram: @sawyer.j.knox | Portfolio & prints: https://sjkonfilm.work",35mm Street Photography
Cuba - Summer 2026 - 35mm Film Photography #57,https://sjkonfilm.work/assets/images/street/full/000000070009.webp,https://sjkonfilm.work/pages/street.html,"Cuba - Summer 2026 - 35mm Film Photography #57. Shot on analog 35mm / 120 film by Sawyer Knox in Portland, Oregon. Instagram: @sawyer.j.knox | Portfolio & prints: https://sjkonfilm.work",35mm Street Photography
Cuba - Summer 2026 - 35mm Film Photography #58,https://sjkonfilm.work/assets/images/street/full/000000070018.webp,https://sjkonfilm.work/pages/street.html,"Cuba - Summer 2026 - 35mm Film Photography #58. Shot on analog 35mm / 120 film by Sawyer Knox in Portland, Oregon. Instagram: @sawyer.j.knox | Portfolio & prints: https://sjkonfilm.work",35mm Street Photography
Cuba - Summer 2026 - 35mm Film Photography #59,https://sjkonfilm.work/assets/images/street/full/000000070024.webp,https://sjkonfilm.work/pages/street.html,"Cuba - Summer 2026 - 35mm Film Photography #59. Shot on analog 35mm / 120 film by Sawyer Knox in Portland, Oregon. Instagram: @sawyer.j.knox | Portfolio & prints: https://sjkonfilm.work",35mm Street Photography
Cuba - Summer 2026 - 35mm Film Photography #60,https://sjkonfilm.work/assets/images/street/full/000000070029.webp,https://sjkonfilm.work/pages/street.html,"Cuba - Summer 2026 - 35mm Film Photography #60. Shot on analog 35mm / 120 film by Sawyer Knox in Portland, Oregon. Instagram: @sawyer.j.knox | Portfolio & prints: https://sjkonfilm.work",35mm Street Photography
Cuba - Summer 2026 - 35mm Film Photography #61,https://sjkonfilm.work/assets/images/street/full/000000080005.webp,https://sjkonfilm.work/pages/street.html,"Cuba - Summer 2026 - 35mm Film Photography #61. Shot on analog 35mm / 120 film by Sawyer Knox in Portland, Oregon. Instagram: @sawyer.j.knox | Portfolio & prints: https://sjkonfilm.work",35mm Street Photography
Cuba - Summer 2026 - 35mm Film Photography #62,https://sjkonfilm.work/assets/images/street/full/000000080010.webp,https://sjkonfilm.work/pages/street.html,"Cuba - Summer 2026 - 35mm Film Photography #62. Shot on analog 35mm / 120 film by Sawyer Knox in Portland, Oregon. Instagram: @sawyer.j.knox | Portfolio & prints: https://sjkonfilm.work",35mm Street Photography
Cuba - Summer 2026 - 35mm Film Photography #63,https://sjkonfilm.work/assets/images/street/full/000000080020.webp,https://sjkonfilm.work/pages/street.html,"Cuba - Summer 2026 - 35mm Film Photography #63. Shot on analog 35mm / 120 film by Sawyer Knox in Portland, Oregon. Instagram: @sawyer.j.knox | Portfolio & prints: https://sjkonfilm.work",35mm Street Photography
Cuba - Summer 2026 - 35mm Film Photography #64,https://sjkonfilm.work/assets/images/street/full/000000080024.webp,https://sjkonfilm.work/pages/street.html,"Cuba - Summer 2026 - 35mm Film Photography #64. Shot on analog 35mm / 120 film by Sawyer Knox in Portland, Oregon. Instagram: @sawyer.j.knox | Portfolio & prints: https://sjkonfilm.work",35mm Street Photography
Cuba - Summer 2026 - 35mm Film Photography #65,https://sjkonfilm.work/assets/images/street/full/000000080025.webp,https://sjkonfilm.work/pages/street.html,"Cuba - Summer 2026 - 35mm Film Photography #65. Shot on analog 35mm / 120 film by Sawyer Knox in Portland, Oregon. Instagram: @sawyer.j.knox | Portfolio & prints: https://sjkonfilm.work",35mm Street Photography
Cuba - Summer 2026 - 35mm Film Photography #66,https://sjkonfilm.work/assets/images/street/full/000000080029.webp,https://sjkonfilm.work/pages/street.html,"Cuba - Summer 2026 - 35mm Film Photography #66. Shot on analog 35mm / 120 film by Sawyer Knox in Portland, Oregon. Instagram: @sawyer.j.knox | Portfolio & prints: https://sjkonfilm.work",35mm Street Photography
Cuba - Summer 2026 - 35mm Film Photography #67,https://sjkonfilm.work/assets/images/street/full/000000080032.webp,https://sjkonfilm.work/pages/street.html,"Cuba - Summer 2026 - 35mm Film Photography #67. Shot on analog 35mm / 120 film by Sawyer Knox in Portland, Oregon. Instagram: @sawyer.j.knox | Portfolio & prints: https://sjkonfilm.work",35mm Street Photography
Cuba - Summer 2026 - 35mm Film Photography #68,https://sjkonfilm.work/assets/images/street/full/000000090017.webp,https://sjkonfilm.work/pages/street.html,"Cuba - Summer 2026 - 35mm Film Photography #68. Shot on analog 35mm / 120 film by Sawyer Knox in Portland, Oregon. Instagram: @sawyer.j.knox | Portfolio & prints: https://sjkonfilm.work",35mm Street Photography
Cuba - Summer 2026 - 35mm Film Photography #69,https://sjkonfilm.work/assets/images/street/full/000000090029.webp,https://sjkonfilm.work/pages/street.html,"Cuba - Summer 2026 - 35mm Film Photography #69. Shot on analog 35mm / 120 film by Sawyer Knox in Portland, Oregon. Instagram: @sawyer.j.knox | Portfolio & prints: https://sjkonfilm.work",35mm Street Photography
New York City - Spring 2026 - 35mm Film Photography #12,https://sjkonfilm.work/assets/images/street/full/000011130002.webp,https://sjkonfilm.work/pages/street.html,"New York City - Spring 2026 - 35mm Film Photography #12. Shot on analog 35mm / 120 film by Sawyer Knox in Portland, Oregon. Instagram: @sawyer.j.knox | Portfolio & prints: https://sjkonfilm.work",35mm Street Photography
New York City - Spring 2026 - 35mm Film Photography #13,https://sjkonfilm.work/assets/images/street/full/000011130032.webp,https://sjkonfilm.work/pages/street.html,"New York City - Spring 2026 - 35mm Film Photography #13. Shot on analog 35mm / 120 film by Sawyer Knox in Portland, Oregon. Instagram: @sawyer.j.knox | Portfolio & prints: https://sjkonfilm.work",35mm Street Photography
New York City - Spring 2026 - 35mm Film Photography #14,https://sjkonfilm.work/assets/images/street/full/000011140012.webp,https://sjkonfilm.work/pages/street.html,"New York City - Spring 2026 - 35mm Film Photography #14. Shot on analog 35mm / 120 film by Sawyer Knox in Portland, Oregon. Instagram: @sawyer.j.knox | Portfolio & prints: https://sjkonfilm.work",35mm Street Photography
Glacier National Park - Summer 2025 - 35mm Film Photography,https://sjkonfilm.work/assets/images/street/full/IMG_3588.webp,https://sjkonfilm.work/pages/street.html,"Glacier National Park - Summer 2025 - 35mm Film Photography. Shot on analog 35mm / 120 film by Sawyer Knox in Portland, Oregon. Instagram: @sawyer.j.knox | Portfolio & prints: https://sjkonfilm.work",35mm Street Photography
"Seattle, Washington - Winter 2026 - 35mm Film Photography #2",https://sjkonfilm.work/assets/images/street/full/IMG_5803.webp,https://sjkonfilm.work/pages/street.html,"Seattle, Washington - Winter 2026 - 35mm Film Photography #2. Shot on analog 35mm / 120 film by Sawyer Knox in Portland, Oregon. Instagram: @sawyer.j.knox | Portfolio & prints: https://sjkonfilm.work",35mm Street Photography
"Portland, Oregon - Winter 2026 - 35mm Film Photography",https://sjkonfilm.work/assets/images/street/full/IMG_6343.webp,https://sjkonfilm.work/pages/street.html,"Portland, Oregon - Winter 2026 - 35mm Film Photography. Shot on analog 35mm / 120 film by Sawyer Knox in Portland, Oregon. Instagram: @sawyer.j.knox | Portfolio & prints: https://sjkonfilm.work",35mm Street Photography
New York City - Spring 2026 - 35mm Film Photography #15,https://sjkonfilm.work/assets/images/street/full/IMG_6344.webp,https://sjkonfilm.work/pages/street.html,"New York City - Spring 2026 - 35mm Film Photography #15. Shot on analog 35mm / 120 film by Sawyer Knox in Portland, Oregon. Instagram: @sawyer.j.knox | Portfolio & prints: https://sjkonfilm.work",35mm Street Photography
New York City - Spring 2026 - 35mm Film Photography #16,https://sjkonfilm.work/assets/images/street/full/IMG_6356.webp,https://sjkonfilm.work/pages/street.html,"New York City - Spring 2026 - 35mm Film Photography #16. Shot on analog 35mm / 120 film by Sawyer Knox in Portland, Oregon. Instagram: @sawyer.j.knox | Portfolio & prints: https://sjkonfilm.work",35mm Street Photography
New York City - Spring 2026 - 35mm Film Photography #17,https://sjkonfilm.work/assets/images/street/full/IMG_6357.webp,https://sjkonfilm.work/pages/street.html,"New York City - Spring 2026 - 35mm Film Photography #17. Shot on analog 35mm / 120 film by Sawyer Knox in Portland, Oregon. Instagram: @sawyer.j.knox | Portfolio & prints: https://sjkonfilm.work",35mm Street Photography
New York City - Spring 2026 - 35mm Film Photography #18,https://sjkonfilm.work/assets/images/street/full/IMG_6367.webp,https://sjkonfilm.work/pages/street.html,"New York City - Spring 2026 - 35mm Film Photography #18. Shot on analog 35mm / 120 film by Sawyer Knox in Portland, Oregon. Instagram: @sawyer.j.knox | Portfolio & prints: https://sjkonfilm.work",35mm Street Photography
New York City - Spring 2026 - 35mm Film Photography #19,https://sjkonfilm.work/assets/images/street/full/IMG_6371.webp,https://sjkonfilm.work/pages/street.html,"New York City - Spring 2026 - 35mm Film Photography #19. Shot on analog 35mm / 120 film by Sawyer Knox in Portland, Oregon. Instagram: @sawyer.j.knox | Portfolio & prints: https://sjkonfilm.work",35mm Street Photography
New York City - Spring 2026 - 35mm Film Photography #20,https://sjkonfilm.work/assets/images/street/full/IMG_6396.webp,https://sjkonfilm.work/pages/street.html,"New York City - Spring 2026 - 35mm Film Photography #20. Shot on analog 35mm / 120 film by Sawyer Knox in Portland, Oregon. Instagram: @sawyer.j.knox | Portfolio & prints: https://sjkonfilm.work",35mm Street Photography
New York City - Spring 2026 - 35mm Film Photography #21,https://sjkonfilm.work/assets/images/street/full/IMG_6399.webp,https://sjkonfilm.work/pages/street.html,"New York City - Spring 2026 - 35mm Film Photography #21. Shot on analog 35mm / 120 film by Sawyer Knox in Portland, Oregon. Instagram: @sawyer.j.knox | Portfolio & prints: https://sjkonfilm.work",35mm Street Photography
New York City - Spring 2026 - 35mm Film Photography #22,https://sjkonfilm.work/assets/images/street/full/IMG_6418.webp,https://sjkonfilm.work/pages/street.html,"New York City - Spring 2026 - 35mm Film Photography #22. Shot on analog 35mm / 120 film by Sawyer Knox in Portland, Oregon. Instagram: @sawyer.j.knox | Portfolio & prints: https://sjkonfilm.work",35mm Street Photography
New York City - Spring 2026 - 35mm Film Photography #23,https://sjkonfilm.work/assets/images/street/full/IMG_6444.webp,https://sjkonfilm.work/pages/street.html,"New York City - Spring 2026 - 35mm Film Photography #23. Shot on analog 35mm / 120 film by Sawyer Knox in Portland, Oregon. Instagram: @sawyer.j.knox | Portfolio & prints: https://sjkonfilm.work",35mm Street Photography
New York City - Spring 2026 - 35mm Film Photography #24,https://sjkonfilm.work/assets/images/street/full/IMG_6445.webp,https://sjkonfilm.work/pages/street.html,"New York City - Spring 2026 - 35mm Film Photography #24. Shot on analog 35mm / 120 film by Sawyer Knox in Portland, Oregon. Instagram: @sawyer.j.knox | Portfolio & prints: https://sjkonfilm.work",35mm Street Photography
New York City - Spring 2026 - 35mm Film Photography #25,https://sjkonfilm.work/assets/images/street/full/IMG_6457.webp,https://sjkonfilm.work/pages/street.html,"New York City - Spring 2026 - 35mm Film Photography #25. Shot on analog 35mm / 120 film by Sawyer Knox in Portland, Oregon. Instagram: @sawyer.j.knox | Portfolio & prints: https://sjkonfilm.work",35mm Street Photography
New York City - Spring 2026 - 35mm Film Photography #26,https://sjkonfilm.work/assets/images/street/full/IMG_6464.webp,https://sjkonfilm.work/pages/street.html,"New York City - Spring 2026 - 35mm Film Photography #26. Shot on analog 35mm / 120 film by Sawyer Knox in Portland, Oregon. Instagram: @sawyer.j.knox | Portfolio & prints: https://sjkonfilm.work",35mm Street Photography
New York City - Spring 2026 - 35mm Film Photography #27,https://sjkonfilm.work/assets/images/street/full/IMG_6494.webp,https://sjkonfilm.work/pages/street.html,"New York City - Spring 2026 - 35mm Film Photography #27. Shot on analog 35mm / 120 film by Sawyer Knox in Portland, Oregon. Instagram: @sawyer.j.knox | Portfolio & prints: https://sjkonfilm.work",35mm Street Photography
"Cantebury, England - Autumn 2024 - 35mm Film Photography #2",https://sjkonfilm.work/assets/images/vertical/full/000094770003.webp,https://sjkonfilm.work/pages/vertical.html,"Cantebury, England - Autumn 2024 - 35mm Film Photography #2. Shot on analog 35mm / 120 film by Sawyer Knox in Portland, Oregon. Instagram: @sawyer.j.knox | Portfolio & prints: https://sjkonfilm.work",Vertical Film Shots & Portraits
"Cantebury, England - Autumn 2024 - 35mm Film Photography #3",https://sjkonfilm.work/assets/images/vertical/full/000094770006.webp,https://sjkonfilm.work/pages/vertical.html,"Cantebury, England - Autumn 2024 - 35mm Film Photography #3. Shot on analog 35mm / 120 film by Sawyer Knox in Portland, Oregon. Instagram: @sawyer.j.knox | Portfolio & prints: https://sjkonfilm.work",Vertical Film Shots & Portraits
"Florence, Italy - Spring 2025 - 35mm Film Photography #12",https://sjkonfilm.work/assets/images/vertical/full/IMG_0529.webp,https://sjkonfilm.work/pages/vertical.html,"Florence, Italy - Spring 2025 - 35mm Film Photography #12. Shot on analog 35mm / 120 film by Sawyer Knox in Portland, Oregon. Instagram: @sawyer.j.knox | Portfolio & prints: https://sjkonfilm.work",Vertical Film Shots & Portraits
"Portland, Oregon - Winter 2024 - 35mm Film Photography",https://sjkonfilm.work/assets/images/vertical/full/IMG_0616.webp,https://sjkonfilm.work/pages/vertical.html,"Portland, Oregon - Winter 2024 - 35mm Film Photography. Shot on analog 35mm / 120 film by Sawyer Knox in Portland, Oregon. Instagram: @sawyer.j.knox | Portfolio & prints: https://sjkonfilm.work",Vertical Film Shots & Portraits
"Florence, Italy - Spring 2025 - 35mm Film Photography #13",https://sjkonfilm.work/assets/images/vertical/full/IMG_0620.webp,https://sjkonfilm.work/pages/vertical.html,"Florence, Italy - Spring 2025 - 35mm Film Photography #13. Shot on analog 35mm / 120 film by Sawyer Knox in Portland, Oregon. Instagram: @sawyer.j.knox | Portfolio & prints: https://sjkonfilm.work",Vertical Film Shots & Portraits
"Florence, Italy - Spring 2025 - 35mm Film Photography #14",https://sjkonfilm.work/assets/images/vertical/full/IMG_0622.webp,https://sjkonfilm.work/pages/vertical.html,"Florence, Italy - Spring 2025 - 35mm Film Photography #14. Shot on analog 35mm / 120 film by Sawyer Knox in Portland, Oregon. Instagram: @sawyer.j.knox | Portfolio & prints: https://sjkonfilm.work",Vertical Film Shots & Portraits
"Florence, Italy - Spring 2025 - 35mm Film Photography #15",https://sjkonfilm.work/assets/images/vertical/full/IMG_0639.webp,https://sjkonfilm.work/pages/vertical.html,"Florence, Italy - Spring 2025 - 35mm Film Photography #15. Shot on analog 35mm / 120 film by Sawyer Knox in Portland, Oregon. Instagram: @sawyer.j.knox | Portfolio & prints: https://sjkonfilm.work",Vertical Film Shots & Portraits
"Jaipur, India - Summer 2023 - 35mm Film Photography",https://sjkonfilm.work/assets/images/vertical/full/IMG_0830.webp,https://sjkonfilm.work/pages/vertical.html,"Jaipur, India - Summer 2023 - 35mm Film Photography. Shot on analog 35mm / 120 film by Sawyer Knox in Portland, Oregon. Instagram: @sawyer.j.knox | Portfolio & prints: https://sjkonfilm.work",Vertical Film Shots & Portraits
"Victoria, BC - Spring 2025 - 35mm Film Photography",https://sjkonfilm.work/assets/images/vertical/full/IMG_1161.webp,https://sjkonfilm.work/pages/vertical.html,"Victoria, BC - Spring 2025 - 35mm Film Photography. Shot on analog 35mm / 120 film by Sawyer Knox in Portland, Oregon. Instagram: @sawyer.j.knox | Portfolio & prints: https://sjkonfilm.work",Vertical Film Shots & Portraits
"Victoria, BC - Spring 2025 - 35mm Film Photography #2",https://sjkonfilm.work/assets/images/vertical/full/IMG_1172.webp,https://sjkonfilm.work/pages/vertical.html,"Victoria, BC - Spring 2025 - 35mm Film Photography #2. Shot on analog 35mm / 120 film by Sawyer Knox in Portland, Oregon. Instagram: @sawyer.j.knox | Portfolio & prints: https://sjkonfilm.work",Vertical Film Shots & Portraits
"The Gorge, Oregon - Summer 2025 - 35mm Film Photography",https://sjkonfilm.work/assets/images/vertical/full/IMG_2495.webp,https://sjkonfilm.work/pages/vertical.html,"The Gorge, Oregon - Summer 2025 - 35mm Film Photography. Shot on analog 35mm / 120 film by Sawyer Knox in Portland, Oregon. Instagram: @sawyer.j.knox | Portfolio & prints: https://sjkonfilm.work",Vertical Film Shots & Portraits
"Pickathon, Oregon - Summer 2025 - 35mm Film Photography #3",https://sjkonfilm.work/assets/images/vertical/full/IMG_2559.webp,https://sjkonfilm.work/pages/vertical.html,"Pickathon, Oregon - Summer 2025 - 35mm Film Photography #3. Shot on analog 35mm / 120 film by Sawyer Knox in Portland, Oregon. Instagram: @sawyer.j.knox | Portfolio & prints: https://sjkonfilm.work",Vertical Film Shots & Portraits
"Pickathon, Oregon - Summer 2025 - 35mm Film Photography #4",https://sjkonfilm.work/assets/images/vertical/full/IMG_2575.webp,https://sjkonfilm.work/pages/vertical.html,"Pickathon, Oregon - Summer 2025 - 35mm Film Photography #4. Shot on analog 35mm / 120 film by Sawyer Knox in Portland, Oregon. Instagram: @sawyer.j.knox | Portfolio & prints: https://sjkonfilm.work",Vertical Film Shots & Portraits
Oregon Coast - Summer 2025 - 35mm Film Photography #2,https://sjkonfilm.work/assets/images/vertical/full/IMG_2627.webp,https://sjkonfilm.work/pages/vertical.html,"Oregon Coast - Summer 2025 - 35mm Film Photography #2. Shot on analog 35mm / 120 film by Sawyer Knox in Portland, Oregon. Instagram: @sawyer.j.knox | Portfolio & prints: https://sjkonfilm.work",Vertical Film Shots & Portraits
Oregon Coast - Summer 2025 - 35mm Film Photography #3,https://sjkonfilm.work/assets/images/vertical/full/IMG_2628.webp,https://sjkonfilm.work/pages/vertical.html,"Oregon Coast - Summer 2025 - 35mm Film Photography #3. Shot on analog 35mm / 120 film by Sawyer Knox in Portland, Oregon. Instagram: @sawyer.j.knox | Portfolio & prints: https://sjkonfilm.work",Vertical Film Shots & Portraits
Oregon Coast - Summer 2025 - 35mm Film Photography #4,https://sjkonfilm.work/assets/images/vertical/full/IMG_3579.webp,https://sjkonfilm.work/pages/vertical.html,"Oregon Coast - Summer 2025 - 35mm Film Photography #4. Shot on analog 35mm / 120 film by Sawyer Knox in Portland, Oregon. Instagram: @sawyer.j.knox | Portfolio & prints: https://sjkonfilm.work",Vertical Film Shots & Portraits
"West Glacier, Montana - Summer 2025 - 35mm Film Photography #2",https://sjkonfilm.work/assets/images/vertical/full/IMG_3598.webp,https://sjkonfilm.work/pages/vertical.html,"West Glacier, Montana - Summer 2025 - 35mm Film Photography #2. Shot on analog 35mm / 120 film by Sawyer Knox in Portland, Oregon. Instagram: @sawyer.j.knox | Portfolio & prints: https://sjkonfilm.work",Vertical Film Shots & Portraits
"Tulsa, Oklahoma - Winter 2022 - 35mm Film Photography",https://sjkonfilm.work/assets/images/vertical/full/IMG_3685.webp,https://sjkonfilm.work/pages/vertical.html,"Tulsa, Oklahoma - Winter 2022 - 35mm Film Photography. Shot on analog 35mm / 120 film by Sawyer Knox in Portland, Oregon. Instagram: @sawyer.j.knox | Portfolio & prints: https://sjkonfilm.work",Vertical Film Shots & Portraits
"Tokyo, Japan - Autumn 2025 - 35mm Film Photography #13",https://sjkonfilm.work/assets/images/vertical/full/IMG_4703.webp,https://sjkonfilm.work/pages/vertical.html,"Tokyo, Japan - Autumn 2025 - 35mm Film Photography #13. Shot on analog 35mm / 120 film by Sawyer Knox in Portland, Oregon. Instagram: @sawyer.j.knox | Portfolio & prints: https://sjkonfilm.work",Vertical Film Shots & Portraits
"Machu Picchu, Peru - Summer 2024 - 35mm Film Photography #3",https://sjkonfilm.work/assets/images/vertical/full/IMG_5824.webp,https://sjkonfilm.work/pages/vertical.html,"Machu Picchu, Peru - Summer 2024 - 35mm Film Photography #3. Shot on analog 35mm / 120 film by Sawyer Knox in Portland, Oregon. Instagram: @sawyer.j.knox | Portfolio & prints: https://sjkonfilm.work",Vertical Film Shots & Portraits
"Cusco, Peru - Summer 2024 - 35mm Film Photography #2",https://sjkonfilm.work/assets/images/vertical/full/IMG_5966.webp,https://sjkonfilm.work/pages/vertical.html,"Cusco, Peru - Summer 2024 - 35mm Film Photography #2. Shot on analog 35mm / 120 film by Sawyer Knox in Portland, Oregon. Instagram: @sawyer.j.knox | Portfolio & prints: https://sjkonfilm.work",Vertical Film Shots & Portraits
"Edinburgh, Scotland - Spring 2023 - 35mm Film Photography",https://sjkonfilm.work/assets/images/vertical/full/IMG_7945 Copy.webp,https://sjkonfilm.work/pages/vertical.html,"Edinburgh, Scotland - Spring 2023 - 35mm Film Photography. Shot on analog 35mm / 120 film by Sawyer Knox in Portland, Oregon. Instagram: @sawyer.j.knox | Portfolio & prints: https://sjkonfilm.work",Vertical Film Shots & Portraits
Southern Utah - Summer 2024 - 35mm Film Photography,https://sjkonfilm.work/assets/images/vertical/full/IMG_7326.webp,https://sjkonfilm.work/pages/vertical.html,"Southern Utah - Summer 2024 - 35mm Film Photography. Shot on analog 35mm / 120 film by Sawyer Knox in Portland, Oregon. Instagram: @sawyer.j.knox | Portfolio & prints: https://sjkonfilm.work",Vertical Film Shots & Portraits
"Tokyo, Japan - Autumn 2025 - 35mm Film Photography #14",https://sjkonfilm.work/assets/images/vertical/full/IMG_4704.webp,https://sjkonfilm.work/pages/vertical.html,"Tokyo, Japan - Autumn 2025 - 35mm Film Photography #14. Shot on analog 35mm / 120 film by Sawyer Knox in Portland, Oregon. Instagram: @sawyer.j.knox | Portfolio & prints: https://sjkonfilm.work",Vertical Film Shots & Portraits
"Tokyo, Japan - Autumn 2025 - 35mm Film Photography #15",https://sjkonfilm.work/assets/images/vertical/full/IMG_4780.webp,https://sjkonfilm.work/pages/vertical.html,"Tokyo, Japan - Autumn 2025 - 35mm Film Photography #15. Shot on analog 35mm / 120 film by Sawyer Knox in Portland, Oregon. Instagram: @sawyer.j.knox | Portfolio & prints: https://sjkonfilm.work",Vertical Film Shots & Portraits
"Tokyo, Japan - Autumn 2025 - 35mm Film Photography #16",https://sjkonfilm.work/assets/images/vertical/full/IMG_4802.webp,https://sjkonfilm.work/pages/vertical.html,"Tokyo, Japan - Autumn 2025 - 35mm Film Photography #16. Shot on analog 35mm / 120 film by Sawyer Knox in Portland, Oregon. Instagram: @sawyer.j.knox | Portfolio & prints: https://sjkonfilm.work",Vertical Film Shots & Portraits
"Seattle, Washington - Winter 2026 - 35mm Film Photography #3",https://sjkonfilm.work/assets/images/vertical/full/IMG_5799.webp,https://sjkonfilm.work/pages/vertical.html,"Seattle, Washington - Winter 2026 - 35mm Film Photography #3. Shot on analog 35mm / 120 film by Sawyer Knox in Portland, Oregon. Instagram: @sawyer.j.knox | Portfolio & prints: https://sjkonfilm.work",Vertical Film Shots & Portraits
Cuba - Summer 2026 - 35mm Film Photography #70,https://sjkonfilm.work/assets/images/vertical/full/000000020019.webp,https://sjkonfilm.work/pages/vertical.html,"Cuba - Summer 2026 - 35mm Film Photography #70. Shot on analog 35mm / 120 film by Sawyer Knox in Portland, Oregon. Instagram: @sawyer.j.knox | Portfolio & prints: https://sjkonfilm.work",Vertical Film Shots & Portraits
Cuba - Summer 2026 - 35mm Film Photography #71,https://sjkonfilm.work/assets/images/vertical/full/000000020029.webp,https://sjkonfilm.work/pages/vertical.html,"Cuba - Summer 2026 - 35mm Film Photography #71. Shot on analog 35mm / 120 film by Sawyer Knox in Portland, Oregon. Instagram: @sawyer.j.knox | Portfolio & prints: https://sjkonfilm.work",Vertical Film Shots & Portraits
Cuba - Summer 2026 - 35mm Film Photography #72,https://sjkonfilm.work/assets/images/vertical/full/000000020036.webp,https://sjkonfilm.work/pages/vertical.html,"Cuba - Summer 2026 - 35mm Film Photography #72. Shot on analog 35mm / 120 film by Sawyer Knox in Portland, Oregon. Instagram: @sawyer.j.knox | Portfolio & prints: https://sjkonfilm.work",Vertical Film Shots & Portraits
"Bend, Oregon - Spring 2026 - 35mm Film Photography #3",https://sjkonfilm.work/assets/images/vertical/full/000000030024.webp,https://sjkonfilm.work/pages/vertical.html,"Bend, Oregon - Spring 2026 - 35mm Film Photography #3. Shot on analog 35mm / 120 film by Sawyer Knox in Portland, Oregon. Instagram: @sawyer.j.knox | Portfolio & prints: https://sjkonfilm.work",Vertical Film Shots & Portraits
Cuba - Summer 2026 - 35mm Film Photography #73,https://sjkonfilm.work/assets/images/vertical/full/000000040014.webp,https://sjkonfilm.work/pages/vertical.html,"Cuba - Summer 2026 - 35mm Film Photography #73. Shot on analog 35mm / 120 film by Sawyer Knox in Portland, Oregon. Instagram: @sawyer.j.knox | Portfolio & prints: https://sjkonfilm.work",Vertical Film Shots & Portraits
Cuba - Summer 2026 - 35mm Film Photography #74,https://sjkonfilm.work/assets/images/vertical/full/000000050021.webp,https://sjkonfilm.work/pages/vertical.html,"Cuba - Summer 2026 - 35mm Film Photography #74. Shot on analog 35mm / 120 film by Sawyer Knox in Portland, Oregon. Instagram: @sawyer.j.knox | Portfolio & prints: https://sjkonfilm.work",Vertical Film Shots & Portraits
Cuba - Summer 2026 - 35mm Film Photography #75,https://sjkonfilm.work/assets/images/vertical/full/000000050023.webp,https://sjkonfilm.work/pages/vertical.html,"Cuba - Summer 2026 - 35mm Film Photography #75. Shot on analog 35mm / 120 film by Sawyer Knox in Portland, Oregon. Instagram: @sawyer.j.knox | Portfolio & prints: https://sjkonfilm.work",Vertical Film Shots & Portraits
Cuba - Summer 2026 - 35mm Film Photography #76,https://sjkonfilm.work/assets/images/vertical/full/000000050024.webp,https://sjkonfilm.work/pages/vertical.html,"Cuba - Summer 2026 - 35mm Film Photography #76. Shot on analog 35mm / 120 film by Sawyer Knox in Portland, Oregon. Instagram: @sawyer.j.knox | Portfolio & prints: https://sjkonfilm.work",Vertical Film Shots & Portraits
Cuba - Summer 2026 - 35mm Film Photography #77,https://sjkonfilm.work/assets/images/vertical/full/000000050032.webp,https://sjkonfilm.work/pages/vertical.html,"Cuba - Summer 2026 - 35mm Film Photography #77. Shot on analog 35mm / 120 film by Sawyer Knox in Portland, Oregon. Instagram: @sawyer.j.knox | Portfolio & prints: https://sjkonfilm.work",Vertical Film Shots & Portraits
Cuba - Summer 2026 - 35mm Film Photography #78,https://sjkonfilm.work/assets/images/vertical/full/000000070014.webp,https://sjkonfilm.work/pages/vertical.html,"Cuba - Summer 2026 - 35mm Film Photography #78. Shot on analog 35mm / 120 film by Sawyer Knox in Portland, Oregon. Instagram: @sawyer.j.knox | Portfolio & prints: https://sjkonfilm.work",Vertical Film Shots & Portraits
Cuba - Summer 2026 - 35mm Film Photography #79,https://sjkonfilm.work/assets/images/vertical/full/000000070015.webp,https://sjkonfilm.work/pages/vertical.html,"Cuba - Summer 2026 - 35mm Film Photography #79. Shot on analog 35mm / 120 film by Sawyer Knox in Portland, Oregon. Instagram: @sawyer.j.knox | Portfolio & prints: https://sjkonfilm.work",Vertical Film Shots & Portraits
Cuba - Summer 2026 - 35mm Film Photography #80,https://sjkonfilm.work/assets/images/vertical/full/000000070019.webp,https://sjkonfilm.work/pages/vertical.html,"Cuba - Summer 2026 - 35mm Film Photography #80. Shot on analog 35mm / 120 film by Sawyer Knox in Portland, Oregon. Instagram: @sawyer.j.knox | Portfolio & prints: https://sjkonfilm.work",Vertical Film Shots & Portraits
Cuba - Summer 2026 - 35mm Film Photography #81,https://sjkonfilm.work/assets/images/vertical/full/000000080004.webp,https://sjkonfilm.work/pages/vertical.html,"Cuba - Summer 2026 - 35mm Film Photography #81. Shot on analog 35mm / 120 film by Sawyer Knox in Portland, Oregon. Instagram: @sawyer.j.knox | Portfolio & prints: https://sjkonfilm.work",Vertical Film Shots & Portraits
Cuba - Summer 2026 - 35mm Film Photography #82,https://sjkonfilm.work/assets/images/vertical/full/000000080016.webp,https://sjkonfilm.work/pages/vertical.html,"Cuba - Summer 2026 - 35mm Film Photography #82. Shot on analog 35mm / 120 film by Sawyer Knox in Portland, Oregon. Instagram: @sawyer.j.knox | Portfolio & prints: https://sjkonfilm.work",Vertical Film Shots & Portraits
Cuba - Summer 2026 - 35mm Film Photography #83,https://sjkonfilm.work/assets/images/vertical/full/000000080017.webp,https://sjkonfilm.work/pages/vertical.html,"Cuba - Summer 2026 - 35mm Film Photography #83. Shot on analog 35mm / 120 film by Sawyer Knox in Portland, Oregon. Instagram: @sawyer.j.knox | Portfolio & prints: https://sjkonfilm.work",Vertical Film Shots & Portraits
Cuba - Summer 2026 - 35mm Film Photography #84,https://sjkonfilm.work/assets/images/vertical/full/000000080026.webp,https://sjkonfilm.work/pages/vertical.html,"Cuba - Summer 2026 - 35mm Film Photography #84. Shot on analog 35mm / 120 film by Sawyer Knox in Portland, Oregon. Instagram: @sawyer.j.knox | Portfolio & prints: https://sjkonfilm.work",Vertical Film Shots & Portraits
"Bend, Oregon - Spring 2026 - 35mm Film Photography #4",https://sjkonfilm.work/assets/images/vertical/full/000000090008.webp,https://sjkonfilm.work/pages/vertical.html,"Bend, Oregon - Spring 2026 - 35mm Film Photography #4. Shot on analog 35mm / 120 film by Sawyer Knox in Portland, Oregon. Instagram: @sawyer.j.knox | Portfolio & prints: https://sjkonfilm.work",Vertical Film Shots & Portraits
Cuba - Summer 2026 - 35mm Film Photography #85,https://sjkonfilm.work/assets/images/vertical/full/000000090016.webp,https://sjkonfilm.work/pages/vertical.html,"Cuba - Summer 2026 - 35mm Film Photography #85. Shot on analog 35mm / 120 film by Sawyer Knox in Portland, Oregon. Instagram: @sawyer.j.knox | Portfolio & prints: https://sjkonfilm.work",Vertical Film Shots & Portraits
Cuba - Summer 2026 - 35mm Film Photography #86,https://sjkonfilm.work/assets/images/vertical/full/000000090021.webp,https://sjkonfilm.work/pages/vertical.html,"Cuba - Summer 2026 - 35mm Film Photography #86. Shot on analog 35mm / 120 film by Sawyer Knox in Portland, Oregon. Instagram: @sawyer.j.knox | Portfolio & prints: https://sjkonfilm.work",Vertical Film Shots & Portraits
Cuba - Summer 2026 - 35mm Film Photography #87,https://sjkonfilm.work/assets/images/vertical/full/000000090030.webp,https://sjkonfilm.work/pages/vertical.html,"Cuba - Summer 2026 - 35mm Film Photography #87. Shot on analog 35mm / 120 film by Sawyer Knox in Portland, Oregon. Instagram: @sawyer.j.knox | Portfolio & prints: https://sjkonfilm.work",Vertical Film Shots & Portraits
Rio de Janeiro - Summer 2024 - 35mm Film Photography,https://sjkonfilm.work/assets/images/vertical/full/IMG_5758.webp,https://sjkonfilm.work/pages/vertical.html,"Rio de Janeiro - Summer 2024 - 35mm Film Photography. Shot on analog 35mm / 120 film by Sawyer Knox in Portland, Oregon. Instagram: @sawyer.j.knox | Portfolio & prints: https://sjkonfilm.work",Vertical Film Shots & Portraits
"Seattle, Washington - Winter 2026 - 35mm Film Photography #4",https://sjkonfilm.work/assets/images/vertical/full/IMG_5781.webp,https://sjkonfilm.work/pages/vertical.html,"Seattle, Washington - Winter 2026 - 35mm Film Photography #4. Shot on analog 35mm / 120 film by Sawyer Knox in Portland, Oregon. Instagram: @sawyer.j.knox | Portfolio & prints: https://sjkonfilm.work",Vertical Film Shots & Portraits
"Seattle, Washington - Winter 2026 - 35mm Film Photography #5",https://sjkonfilm.work/assets/images/vertical/full/IMG_5782.webp,https://sjkonfilm.work/pages/vertical.html,"Seattle, Washington - Winter 2026 - 35mm Film Photography #5. Shot on analog 35mm / 120 film by Sawyer Knox in Portland, Oregon. Instagram: @sawyer.j.knox | Portfolio & prints: https://sjkonfilm.work",Vertical Film Shots & Portraits
New York City - Spring 2026 - 35mm Film Photography #28,https://sjkonfilm.work/assets/images/vertical/full/IMG_6438.webp,https://sjkonfilm.work/pages/vertical.html,"New York City - Spring 2026 - 35mm Film Photography #28. Shot on analog 35mm / 120 film by Sawyer Knox in Portland, Oregon. Instagram: @sawyer.j.knox | Portfolio & prints: https://sjkonfilm.work",Vertical Film Shots & Portraits
New York City - Spring 2026 - 35mm Film Photography #29,https://sjkonfilm.work/assets/images/vertical/full/IMG_6469.webp,https://sjkonfilm.work/pages/vertical.html,"New York City - Spring 2026 - 35mm Film Photography #29. Shot on analog 35mm / 120 film by Sawyer Knox in Portland, Oregon. Instagram: @sawyer.j.knox | Portfolio & prints: https://sjkonfilm.work",Vertical Film Shots & Portraits
